system,workload,dist,cache_mb,memthreads,offload,leaf,tput_mops,p99_us,rdma_read_per_op,rpc_per_op,tree_height,inner_entries,leaf_entries,placement,log,inner_page_b,leaf_page_b,slot_b,inner_nodes,inner_mb,leaf_nodes,leaf_mb,tree_mb,cache_slots,cache_full_before_measure
dex,range-zipf,zipf,8,1,on,NA,0.384516,171.50,0.924858,0.924858,22,5,26,mn_only,/home/apa222/REV/fair/results/dxtr_range_zipf/dex/dex_range-zipf_mt1_cache8.compute.log,160,512,512,3846104,1877.98,3846153,1878,3756.0,16384,yes
dex,range-zipf,zipf,32,1,on,NA,0.440928,117.00,0.850545,0.850545,22,5,26,mn_only,/home/apa222/REV/fair/results/dxtr_range_zipf/dex/dex_range-zipf_mt1_cache32.compute.log,160,512,512,3846104,1877.98,3846153,1878,3756.0,65536,yes
dex,range-zipf,zipf,64,1,on,NA,0.484236,109.00,0.818695,0.818695,22,5,26,mn_only,/home/apa222/REV/fair/results/dxtr_range_zipf/dex/dex_range-zipf_mt1_cache64.compute.log,160,512,512,3846104,1877.98,3846153,1878,3756.0,131072,yes
dex,range-zipf,zipf,128,1,on,NA,0.551844,99.50,0.77449,0.77449,22,5,26,mn_only,/home/apa222/REV/fair/results/dxtr_range_zipf/dex/dex_range-zipf_mt1_cache128.compute.log,160,512,512,3846104,1877.98,3846153,1878,3756.0,262144,yes
dex,range-zipf,zipf,256,1,on,NA,0.63882,90.00,0.723733,0.723733,22,5,26,mn_only,/home/apa222/REV/fair/results/dxtr_range_zipf/dex/dex_range-zipf_mt1_cache256.compute.log,160,512,512,3846104,1877.98,3846153,1878,3756.0,524288,yes
dex,range-zipf,zipf,512,1,on,NA,0.741456,81.50,0.669889,0.669889,22,5,26,mn_only,/home/apa222/REV/fair/results/dxtr_range_zipf/dex/dex_range-zipf_mt1_cache512.compute.log,160,512,512,3846104,1877.98,3846153,1878,3756.0,1048576,yes
dex,range-zipf,zipf,1024,1,on,NA,0.885672,74.00,0.603366,0.603366,22,5,26,mn_only,/home/apa222/REV/fair/results/dxtr_range_zipf/dex/dex_range-zipf_mt1_cache1024.compute.log,160,512,512,3846104,1877.98,3846153,1878,3756.0,2097152,yes
dex,range-zipf,zipf,8,2,on,NA,0.784224,644.50,1,1,22,5,26,mn_only,/home/apa222/REV/fair/results/dxtr_range_zipf/dex/dex_range-zipf_mt2_cache8.compute.log,160,512,512,3846104,1877.98,3846153,1878,3756.0,16384,yes
dex,range-zipf,zipf,32,2,on,NA,0.906876,97.00,0.852707,0.852707,22,5,26,mn_only,/home/apa222/REV/fair/results/dxtr_range_zipf/dex/dex_range-zipf_mt2_cache32.compute.log,160,512,512,3846104,1877.98,3846153,1878,3756.0,65536,yes
dex,range-zipf,zipf,64,2,on,NA,0.99918,90.00,0.824365,0.824365,22,5,26,mn_only,/home/apa222/REV/fair/results/dxtr_range_zipf/dex/dex_range-zipf_mt2_cache64.compute.log,160,512,512,3846104,1877.98,3846153,1878,3756.0,131072,yes
dex,range-zipf,zipf,128,2,on,NA,1.12896,82.50,0.769572,0.769572,22,5,26,mn_only,/home/apa222/REV/fair/results/dxtr_range_zipf/dex/dex_range-zipf_mt2_cache128.compute.log,160,512,512,3846104,1877.98,3846153,1878,3756.0,262144,yes
dex,range-zipf,zipf,256,2,on,NA,1.29755,73.00,0.724833,0.724833,22,5,26,mn_only,/home/apa222/REV/fair/results/dxtr_range_zipf/dex/dex_range-zipf_mt2_cache256.compute.log,160,512,512,3846104,1877.98,3846153,1878,3756.0,524288,yes
dex,range-zipf,zipf,512,2,on,NA,1.50419,65.00,0.672017,0.672017,22,5,26,mn_only,/home/apa222/REV/fair/results/dxtr_range_zipf/dex/dex_range-zipf_mt2_cache512.compute.log,160,512,512,3846104,1877.98,3846153,1878,3756.0,1048576,yes
dex,range-zipf,zipf,1024,2,on,NA,1.79525,56.50,0.604782,0.604782,22,5,26,mn_only,/home/apa222/REV/fair/results/dxtr_range_zipf/dex/dex_range-zipf_mt2_cache1024.compute.log,160,512,512,3846104,1877.98,3846153,1878,3756.0,2097152,yes
dex,range-zipf,zipf,8,4,on,NA,1.52273,75.00,0.950049,0.950049,22,5,26,mn_only,/home/apa222/REV/fair/results/dxtr_range_zipf/dex/dex_range-zipf_mt4_cache8.compute.log,160,512,512,3846104,1877.98,3846153,1878,3756.0,16384,yes
dex,range-zipf,zipf,32,4,on,NA,1.75601,60.00,0.863891,0.863891,22,5,26,mn_only,/home/apa222/REV/fair/results/dxtr_range_zipf/dex/dex_range-zipf_mt4_cache32.compute.log,160,512,512,3846104,1877.98,3846153,1878,3756.0,65536,yes
dex,range-zipf,zipf,64,4,on,NA,1.92024,54.50,0.82944,0.82944,22,5,26,mn_only,/home/apa222/REV/fair/results/dxtr_range_zipf/dex/dex_range-zipf_mt4_cache64.compute.log,160,512,512,3846104,1877.98,3846153,1878,3756.0,131072,yes
dex,range-zipf,zipf,128,4,on,NA,2.15456,48.00,0.774974,0.774974,22,5,26,mn_only,/home/apa222/REV/fair/results/dxtr_range_zipf/dex/dex_range-zipf_mt4_cache128.compute.log,160,512,512,3846104,1877.98,3846153,1878,3756.0,262144,yes
dex,range-zipf,zipf,256,4,on,NA,2.45498,40.00,0.72637,0.72637,22,5,26,mn_only,/home/apa222/REV/fair/results/dxtr_range_zipf/dex/dex_range-zipf_mt4_cache256.compute.log,160,512,512,3846104,1877.98,3846153,1878,3756.0,524288,yes
dex,range-zipf,zipf,512,4,on,NA,2.84242,31.00,0.672608,0.672608,22,5,26,mn_only,/home/apa222/REV/fair/results/dxtr_range_zipf/dex/dex_range-zipf_mt4_cache512.compute.log,160,512,512,3846104,1877.98,3846153,1878,3756.0,1048576,yes
dex,range-zipf,zipf,1024,4,on,NA,3.22819,24.50,0.603719,0.603719,22,5,26,mn_only,/home/apa222/REV/fair/results/dxtr_range_zipf/dex/dex_range-zipf_mt4_cache1024.compute.log,160,512,512,3846104,1877.98,3846153,1878,3756.0,2097152,yes
dex,range-zipf,zipf,8,8,on,NA,2.40437,35.50,0.950014,0.950014,22,5,26,mn_only,/home/apa222/REV/fair/results/dxtr_range_zipf/dex/dex_range-zipf_mt8_cache8.compute.log,160,512,512,3846104,1877.98,3846153,1878,3756.0,16384,yes
dex,range-zipf,zipf,32,8,on,NA,2.67829,25.50,0.869853,0.869853,22,5,26,mn_only,/home/apa222/REV/fair/results/dxtr_range_zipf/dex/dex_range-zipf_mt8_cache32.compute.log,160,512,512,3846104,1877.98,3846153,1878,3756.0,65536,yes
dex,range-zipf,zipf,64,8,on,NA,2.8143,24.00,0.825638,0.825638,22,5,26,mn_only,/home/apa222/REV/fair/results/dxtr_range_zipf/dex/dex_range-zipf_mt8_cache64.compute.log,160,512,512,3846104,1877.98,3846153,1878,3756.0,131072,yes
dex,range-zipf,zipf,128,8,on,NA,3.01288,22.00,0.776015,0.776015,22,5,26,mn_only,/home/apa222/REV/fair/results/dxtr_range_zipf/dex/dex_range-zipf_mt8_cache128.compute.log,160,512,512,3846104,1877.98,3846153,1878,3756.0,262144,yes
dex,range-zipf,zipf,256,8,on,NA,3.17819,21.00,0.724325,0.724325,22,5,26,mn_only,/home/apa222/REV/fair/results/dxtr_range_zipf/dex/dex_range-zipf_mt8_cache256.compute.log,160,512,512,3846104,1877.98,3846153,1878,3756.0,524288,yes
dex,range-zipf,zipf,512,8,on,NA,3.36128,20.00,0.67157,0.67157,22,5,26,mn_only,/home/apa222/REV/fair/results/dxtr_range_zipf/dex/dex_range-zipf_mt8_cache512.compute.log,160,512,512,3846104,1877.98,3846153,1878,3756.0,1048576,yes
dex,range-zipf,zipf,1024,8,on,NA,3.59532,19.00,0.603752,0.603752,22,5,26,mn_only,/home/apa222/REV/fair/results/dxtr_range_zipf/dex/dex_range-zipf_mt8_cache1024.compute.log,160,512,512,3846104,1877.98,3846153,1878,3756.0,2097152,yes
dex,range-zipf,zipf,8,16,on,NA,2.6978,23.50,0.924823,0.924823,22,5,26,mn_only,/home/apa222/REV/fair/results/dxtr_range_zipf/dex/dex_range-zipf_mt16_cache8.compute.log,160,512,512,3846104,1877.98,3846153,1878,3756.0,16384,yes
dex,range-zipf,zipf,32,16,on,NA,2.86304,21.00,0.87358,0.87358,22,5,26,mn_only,/home/apa222/REV/fair/results/dxtr_range_zipf/dex/dex_range-zipf_mt16_cache32.compute.log,160,512,512,3846104,1877.98,3846153,1878,3756.0,65536,yes
dex,range-zipf,zipf,64,16,on,NA,2.96489,20.50,0.825618,0.825618,22,5,26,mn_only,/home/apa222/REV/fair/results/dxtr_range_zipf/dex/dex_range-zipf_mt16_cache64.compute.log,160,512,512,3846104,1877.98,3846153,1878,3756.0,131072,yes
dex,range-zipf,zipf,128,16,on,NA,3.1478,19.50,0.770466,0.770466,22,5,26,mn_only,/home/apa222/REV/fair/results/dxtr_range_zipf/dex/dex_range-zipf_mt16_cache128.compute.log,160,512,512,3846104,1877.98,3846153,1878,3756.0,262144,yes
dex,range-zipf,zipf,256,16,on,NA,3.28522,19.00,0.721498,0.721498,22,5,26,mn_only,/home/apa222/REV/fair/results/dxtr_range_zipf/dex/dex_range-zipf_mt16_cache256.compute.log,160,512,512,3846104,1877.98,3846153,1878,3756.0,524288,yes
dex,range-zipf,zipf,512,16,on,NA,3.49207,18.00,0.671151,0.671151,22,5,26,mn_only,/home/apa222/REV/fair/results/dxtr_range_zipf/dex/dex_range-zipf_mt16_cache512.compute.log,160,512,512,3846104,1877.98,3846153,1878,3756.0,1048576,yes
dex,range-zipf,zipf,1024,16,on,NA,3.63078,18.00,0.60464,0.60464,22,5,26,mn_only,/home/apa222/REV/fair/results/dxtr_range_zipf/dex/dex_range-zipf_mt16_cache1024.compute.log,160,512,512,3846104,1877.98,3846153,1878,3756.0,2097152,yes
