cache_mb,dir_threads,workload,offload,role,node_tput_mops,ops,p99_us,index_mb,cache_leaf,total_cache_mb,inner_cache_mb,leaf_cache_mb,leaf_hit_pct,log,tree_height,leaf_nodes,inner_nodes,inner_mb,leaf_mb,tree_mb
64,4,point-uniform,on,compute,2.7758,29999988,19.50,34.000,0,64,64,0,NA,/home/apa222/REV/fair/results/l2b_a_shipped/chime/sweep_mt4/cache_64MB/leaf_0/point-uniform/on/compute.log,10,6250000,1250002,399.4,2104.0,2503.4
64,4,point-zipf,on,compute,3.5263,29999988,18.00,34.000,0,64,64,0,NA,/home/apa222/REV/fair/results/l2b_a_shipped/chime/sweep_mt4/cache_64MB/leaf_0/point-zipf/on/compute.log,10,6250000,1250002,399.4,2104.0,2503.4
128,4,point-uniform,on,compute,2.7376,29999988,20.50,98.000,0,128,128,0,NA,/home/apa222/REV/fair/results/l2b_a_shipped/chime/sweep_mt4/cache_128MB/leaf_0/point-uniform/on/compute.log,10,6250000,1250002,399.4,2104.0,2503.4
128,4,point-zipf,on,compute,3.5804,29999988,17.50,98.000,0,128,128,0,NA,/home/apa222/REV/fair/results/l2b_a_shipped/chime/sweep_mt4/cache_128MB/leaf_0/point-zipf/on/compute.log,10,6250000,1250002,399.4,2104.0,2503.4
256,4,point-uniform,on,compute,2.5464,29999988,35.50,162.115,0,256,256,0,NA,/home/apa222/REV/fair/results/l2b_a_shipped/chime/sweep_mt4/cache_256MB/leaf_0/point-uniform/on/compute.log,10,6250000,1250002,399.4,2104.0,2503.4
256,4,point-zipf,on,compute,3.6569,29999988,18.00,153.752,0,256,256,0,NA,/home/apa222/REV/fair/results/l2b_a_shipped/chime/sweep_mt4/cache_256MB/leaf_0/point-zipf/on/compute.log,10,6250000,1250002,399.4,2104.0,2503.4
512,4,point-uniform,on,compute,2.5270,29999988,37.50,162.116,0,512,512,0,NA,/home/apa222/REV/fair/results/l2b_a_shipped/chime/sweep_mt4/cache_512MB/leaf_0/point-uniform/on/compute.log,10,6250000,1250002,399.4,2104.0,2503.4
512,4,point-zipf,on,compute,3.6339,29999988,18.00,153.730,0,512,512,0,NA,/home/apa222/REV/fair/results/l2b_a_shipped/chime/sweep_mt4/cache_512MB/leaf_0/point-zipf/on/compute.log,10,6250000,1250002,399.4,2104.0,2503.4
1024,4,point-uniform,on,compute,2.5714,29999988,35.50,162.116,0,1024,1024,0,NA,/home/apa222/REV/fair/results/l2b_a_shipped/chime/sweep_mt4/cache_1024MB/leaf_0/point-uniform/on/compute.log,10,6250000,1250002,399.4,2104.0,2503.4
1024,4,point-zipf,on,compute,3.6191,29999988,18.00,153.718,0,1024,1024,0,NA,/home/apa222/REV/fair/results/l2b_a_shipped/chime/sweep_mt4/cache_1024MB/leaf_0/point-zipf/on/compute.log,10,6250000,1250002,399.4,2104.0,2503.4
