block,part,arm,leaf_pct,push_ops,scan_always,theta,memthreads,push,cache_mb,dir_threads,workload,offload,role,node_tput_mops,ops,p99_us,index_mb,cache_leaf,total_cache_mb,inner_cache_mb,leaf_cache_mb,leaf_hit_pct,log,tree_height,leaf_nodes,inner_nodes,inner_mb,leaf_mb,tree_mb,index_hit_pct,leaf_rtt_per_lookup,push_ops_cfg,scan_always_cfg,remote_per_op,lookup_pushdowns,scan_pushdowns,lookup_found_pct,scan_rows,inner_hit_pct,scan_inner_complete_miss,scan_inner_partial,scan_leaf_cache_hits,scan_leaf_reads,scan_cn_leaves_per_scan,scan_leaf_hit_pct,lat_mean_us,lat_p50_us,lat_p90_us,lat_p99_us,lat_p999_us,rdma_round_trips_per_op,rdma_reads_per_op,rdma_writes_per_op,rdma_atomics_per_op,rdma_requests_per_op,rdma_verbs_per_op,rdma_bytes_per_op,ops_offload_pct,leaves_per_scan_pushdown,kv_per_scan_pushdown,mn_busy_cores,mn_busy_cores_peak,mn_log_found,log_found
l2_e1_leaf0,e1,leaf 0%,0,both,0,0.99,0,off,64,1,point-uniform,off,compute,0.4020,29999988,258.50,64.000,0,64,64,0,0.0,/home/apa222/REV/fair/results/l2_e1_leaf0/chime/sweep_mt0/cache_64MB/leaf_0/point-uniform/off/compute.log,10,6250000,1250002,399.4,2104.0,2503.4,62.6,1.0,both,0,,0,0,99.9981,,62.16,,,,,,,88.07,55.0,214.0,258.5,293.5,4.7412,5.1785,0.0,0.0,0.0,5.1785,1253.5,0.0,0.0,0.0,,,0,1
l2_e1_leaf0,e1,leaf 0%,0,both,0,0.99,0,off,64,1,point-zipf,off,compute,0.9155,29999988,230.50,64.000,0,64,64,0,0.0,/home/apa222/REV/fair/results/l2_e1_leaf0/chime/sweep_mt0/cache_64MB/leaf_0/point-zipf/off/compute.log,10,6250000,1250002,399.4,2104.0,2503.4,84.0,0.982,both,0,,0,0,99.9982,,83.89,,,,,,,38.42,11.5,170.5,230.5,268.0,2.5511,2.9537,0.0,0.0,0.0,2.9537,616.7,0.0,0.0,0.0,,,0,1
l2_e1_leaf0,e1,leaf 0%,0,both,0,0.99,0,off,128,1,point-uniform,off,compute,0.7612,29999988,235.00,128.000,0,128,128,0,0.0,/home/apa222/REV/fair/results/l2_e1_leaf0/chime/sweep_mt0/cache_128MB/leaf_0/point-uniform/off/compute.log,10,6250000,1250002,399.4,2104.0,2503.4,80.4,1.0,both,0,,0,0,99.998,,80.33,,,,,,,46.62,12.5,188.0,235.0,265.0,2.9611,3.3986,0.0,0.0,0.0,3.3986,730.8,0.0,0.0,0.0,,,0,1
l2_e1_leaf0,e1,leaf 0%,0,both,0,0.99,0,off,128,1,point-zipf,off,compute,2.0986,29999988,169.00,128.000,0,128,128,0,0.0,/home/apa222/REV/fair/results/l2_e1_leaf0/chime/sweep_mt0/cache_128MB/leaf_0/point-zipf/off/compute.log,10,6250000,1250002,399.4,2104.0,2503.4,94.1,0.967,both,0,,0,0,99.9982,,94.12,,,,,,,16.89,9.0,14.0,169.0,197.5,1.5341,1.9349,0.0,0.0,0.0,1.9349,322.8,0.0,0.0,0.0,,,0,1
l2_e1_leaf0,e1,leaf 0%,0,both,0,0.99,0,off,256,1,point-uniform,off,compute,5.3823,29999988,10.50,162.117,0,256,256,0,0.0,/home/apa222/REV/fair/results/l2_e1_leaf0/chime/sweep_mt0/cache_256MB/leaf_0/point-uniform/off/compute.log,10,6250000,1250002,399.4,2104.0,2503.4,100.0,1.0,both,0,,0,0,99.9979,,100.0,,,,,,,6.59,6.5,8.5,10.5,14.0,1.0,1.4374,0.0,0.0,0.0,1.4374,164.5,0.0,0.0,0.0,,,0,1
l2_e1_leaf0,e1,leaf 0%,0,both,0,0.99,0,off,256,1,point-zipf,off,compute,5.3595,29999988,12.00,153.718,0,256,256,0,0.0,/home/apa222/REV/fair/results/l2_e1_leaf0/chime/sweep_mt0/cache_256MB/leaf_0/point-zipf/off/compute.log,10,6250000,1250002,399.4,2104.0,2503.4,99.8,0.949,both,0,,0,0,99.9981,,99.81,,,,,,,6.55,6.5,8.5,12.0,80.5,0.9668,1.3641,0.0,0.0,0.0,1.3641,161.3,0.0,0.0,0.0,,,0,1
l2_e1_leaf0,e1,leaf 0%,0,both,0,0.99,0,off,512,1,point-uniform,off,compute,5.3984,29999988,10.50,162.114,0,512,512,0,0.0,/home/apa222/REV/fair/results/l2_e1_leaf0/chime/sweep_mt0/cache_512MB/leaf_0/point-uniform/off/compute.log,10,6250000,1250002,399.4,2104.0,2503.4,100.0,1.0,both,0,,0,0,99.998,,100.0,,,,,,,6.54,6.5,8.0,10.5,14.0,1.0,1.4375,0.0,0.0,0.0,1.4375,164.5,0.0,0.0,0.0,,,0,1
l2_e1_leaf0,e1,leaf 0%,0,both,0,0.99,0,off,512,1,point-zipf,off,compute,5.2806,29999988,14.00,153.708,0,512,512,0,0.0,/home/apa222/REV/fair/results/l2_e1_leaf0/chime/sweep_mt0/cache_512MB/leaf_0/point-zipf/off/compute.log,10,6250000,1250002,399.4,2104.0,2503.4,99.8,0.944,both,0,,0,0,99.9982,,99.81,,,,,,,6.68,6.5,8.5,14.0,82.0,0.9618,1.3592,0.0,0.0,0.0,1.3592,160.5,0.0,0.0,0.0,,,0,1
l2_e1_leaf0,e1,leaf 0%,0,both,0,0.99,0,off,1024,1,point-uniform,off,compute,5.3695,29999988,10.50,162.116,0,1024,1024,0,0.0,/home/apa222/REV/fair/results/l2_e1_leaf0/chime/sweep_mt0/cache_1024MB/leaf_0/point-uniform/off/compute.log,10,6250000,1250002,399.4,2104.0,2503.4,100.0,1.0,both,0,,0,0,99.998,,100.0,,,,,,,6.6,6.5,8.5,10.5,14.0,1.0,1.4373,0.0,0.0,0.0,1.4373,164.5,0.0,0.0,0.0,,,0,1
l2_e1_leaf0,e1,leaf 0%,0,both,0,0.99,0,off,1024,1,point-zipf,off,compute,5.3212,29999988,12.50,153.681,0,1024,1024,0,0.0,/home/apa222/REV/fair/results/l2_e1_leaf0/chime/sweep_mt0/cache_1024MB/leaf_0/point-zipf/off/compute.log,10,6250000,1250002,399.4,2104.0,2503.4,99.8,0.948,both,0,,0,0,99.9981,,99.81,,,,,,,6.61,6.5,8.5,12.5,80.0,0.9659,1.3632,0.0,0.0,0.0,1.3632,161.1,0.0,0.0,0.0,,,0,1
l2_e1_leaf0,e1,leaf 0%,0,both,0,0.99,16,on,64,16,point-uniform,on,compute,3.4546,29999988,16.50,64.000,0,64,64,0,0.0,/home/apa222/REV/fair/results/l2_e1_leaf0/chime/sweep_mt16/cache_64MB/leaf_0/point-uniform/on/compute.log,10,6250000,1250002,399.4,2104.0,2503.4,62.0,0.298,both,0,,21057015,0,99.998,,61.63,,,,,,,10.2,10.0,14.0,16.5,19.0,1.3418,0.7703,0.0,0.0,0.7019,1.4722,80.5,70.19,0.0,0.0,,,0,1
l2_e1_leaf0,e1,leaf 0%,0,both,0,0.99,16,on,64,16,point-zipf,on,compute,4.4263,29999988,15.50,64.000,0,64,64,0,0.0,/home/apa222/REV/fair/results/l2_e1_leaf0/chime/sweep_mt16/cache_64MB/leaf_0/point-zipf/on/compute.log,10,6250000,1250002,399.4,2104.0,2503.4,83.2,0.703,both,0,,7420624,0,99.9981,,83.11,,,,,,,7.93,7.5,12.5,15.5,19.5,1.0989,1.1412,0.0,0.0,0.2474,1.3886,127.0,24.74,0.0,0.0,,,0,1
l2_e1_leaf0,e1,leaf 0%,0,both,0,0.99,16,on,128,16,point-uniform,on,compute,4.1846,29999988,15.00,128.000,0,128,128,0,0.0,/home/apa222/REV/fair/results/l2_e1_leaf0/chime/sweep_mt16/cache_128MB/leaf_0/point-uniform/on/compute.log,10,6250000,1250002,399.4,2104.0,2503.4,80.4,0.755,both,0,,7341396,0,99.998,,80.33,,,,,,,8.45,8.0,12.5,15.0,18.0,1.1904,1.276,0.0,0.0,0.2447,1.5207,135.8,24.47,0.0,0.0,,,0,1
l2_e1_leaf0,e1,leaf 0%,0,both,0,0.99,16,on,128,16,point-zipf,on,compute,4.9924,29999988,14.50,128.000,0,128,128,0,0.0,/home/apa222/REV/fair/results/l2_e1_leaf0/chime/sweep_mt16/cache_128MB/leaf_0/point-zipf/on/compute.log,10,6250000,1250002,399.4,2104.0,2503.4,93.9,0.875,both,0,,2161028,0,99.9982,,93.88,,,,,,,7.06,7.0,9.5,14.5,20.5,1.0037,1.2976,0.0,0.0,0.072,1.3696,147.4,7.2,0.0,0.0,,,0,1
l2_e1_leaf0,e1,leaf 0%,0,both,0,0.99,16,on,256,16,point-uniform,on,compute,5.3910,29999988,10.50,162.117,0,256,256,0,0.0,/home/apa222/REV/fair/results/l2_e1_leaf0/chime/sweep_mt16/cache_256MB/leaf_0/point-uniform/on/compute.log,10,6250000,1250002,399.4,2104.0,2503.4,100.0,1.0,both,0,,1753,0,99.998,,100.0,,,,,,,6.57,6.5,8.5,10.5,13.5,1.0,1.4374,0.0,0.0,0.0001,1.4375,164.5,0.01,0.0,0.0,,,0,1
l2_e1_leaf0,e1,leaf 0%,0,both,0,0.99,16,on,256,16,point-zipf,on,compute,5.4832,29999988,13.00,153.717,0,256,256,0,0.0,/home/apa222/REV/fair/results/l2_e1_leaf0/chime/sweep_mt16/cache_256MB/leaf_0/point-zipf/on/compute.log,10,6250000,1250002,399.4,2104.0,2503.4,98.7,0.932,both,0,,431226,0,99.9984,,98.72,,,,,,,6.42,6.5,8.5,13.0,22.0,0.9578,1.334,0.0,0.0,0.0144,1.3484,153.9,1.44,0.0,0.0,,,0,1
l2_e1_leaf0,e1,leaf 0%,0,both,0,0.99,16,on,512,16,point-uniform,on,compute,5.2906,29999988,10.50,162.118,0,512,512,0,0.0,/home/apa222/REV/fair/results/l2_e1_leaf0/chime/sweep_mt16/cache_512MB/leaf_0/point-uniform/on/compute.log,10,6250000,1250002,399.4,2104.0,2503.4,100.0,1.0,both,0,,1585,0,99.9979,,100.0,,,,,,,6.6,6.5,8.5,10.5,14.5,1.0,1.4373,0.0,0.0,0.0001,1.4374,164.5,0.01,0.0,0.0,,,0,1
l2_e1_leaf0,e1,leaf 0%,0,both,0,0.99,16,on,512,16,point-zipf,on,compute,5.4013,29999988,13.00,153.704,0,512,512,0,0.0,/home/apa222/REV/fair/results/l2_e1_leaf0/chime/sweep_mt16/cache_512MB/leaf_0/point-zipf/on/compute.log,10,6250000,1250002,399.4,2104.0,2503.4,98.7,0.931,both,0,,431840,0,99.9982,,98.72,,,,,,,6.52,6.5,8.5,13.0,21.0,0.9575,1.3337,0.0,0.0,0.0144,1.3481,153.9,1.44,0.0,0.0,,,0,1
l2_e1_leaf0,e1,leaf 0%,0,both,0,0.99,16,on,1024,16,point-uniform,on,compute,5.4050,29999988,10.50,162.116,0,1024,1024,0,0.0,/home/apa222/REV/fair/results/l2_e1_leaf0/chime/sweep_mt16/cache_1024MB/leaf_0/point-uniform/on/compute.log,10,6250000,1250002,399.4,2104.0,2503.4,100.0,1.0,both,0,,1889,0,99.9979,,99.99,,,,,,,6.56,6.5,8.5,10.5,14.0,1.0001,1.4374,0.0,0.0,0.0001,1.4375,164.5,0.01,0.0,0.0,,,0,1
l2_e1_leaf0,e1,leaf 0%,0,both,0,0.99,16,on,1024,16,point-zipf,on,compute,5.4310,29999988,13.00,153.659,0,1024,1024,0,0.0,/home/apa222/REV/fair/results/l2_e1_leaf0/chime/sweep_mt16/cache_1024MB/leaf_0/point-zipf/on/compute.log,10,6250000,1250002,399.4,2104.0,2503.4,98.7,0.931,both,0,,433249,0,99.9982,,98.71,,,,,,,6.48,6.5,8.5,13.0,21.5,0.9574,1.3338,0.0,0.0,0.0144,1.3483,153.8,1.44,0.0,0.0,,,0,1
l2_e1_leaf25,e1,leaf 25%,25,both,0,0.99,0,off,64,1,point-uniform,off,compute,0.3513,29999988,262.50,48.000,1,64,48,16,0.52,/home/apa222/REV/fair/results/l2_e1_leaf25/chime/sweep_mt0/cache_64MB/leaf_1/point-uniform/off/compute.log,10,6250000,1250002,399.4,2104.0,2503.4,57.4,0.0,both,0,,0,0,99.9979,,56.9,,,,,,,100.75,66.0,216.0,262.5,297.0,5.2586,7.2481,0.0,0.0,0.0,7.2481,1601.7,0.0,0.0,0.0,,,0,1
l2_e1_leaf25,e1,leaf 25%,25,both,0,0.99,0,off,64,1,point-zipf,off,compute,0.7547,29999988,248.00,48.000,1,64,48,16,51.11,/home/apa222/REV/fair/results/l2_e1_leaf25/chime/sweep_mt0/cache_64MB/leaf_1/point-zipf/off/compute.log,10,6250000,1250002,399.4,2104.0,2503.4,80.9,0.0,both,0,,0,0,99.9982,,80.76,,,,,,,46.82,12.0,188.0,248.0,287.5,2.8583,3.8201,0.0,0.0,0.0,3.8201,727.7,0.0,0.0,0.0,,,0,1
l2_e1_leaf25,e1,leaf 25%,25,both,0,0.99,0,off,128,1,point-uniform,off,compute,0.4880,29999988,250.50,96.000,1,128,96,32,1.05,/home/apa222/REV/fair/results/l2_e1_leaf25/chime/sweep_mt0/cache_128MB/leaf_1/point-uniform/off/compute.log,10,6250000,1250002,399.4,2104.0,2503.4,69.4,0.0,both,0,,0,0,99.998,,69.14,,,,,,,72.71,20.0,208.5,250.5,283.0,4.0637,6.0427,0.0,0.0,0.0,6.0427,1247.5,0.0,0.0,0.0,,,0,1
l2_e1_leaf25,e1,leaf 25%,25,both,0,0.99,0,off,128,1,point-zipf,off,compute,1.2404,29999988,211.50,96.000,1,128,96,32,54.99,/home/apa222/REV/fair/results/l2_e1_leaf25/chime/sweep_mt0/cache_128MB/leaf_1/point-zipf/off/compute.log,10,6250000,1250002,399.4,2104.0,2503.4,89.0,0.0,both,0,,0,0,99.9982,,88.97,,,,,,,28.54,11.0,120.0,211.5,246.5,2.0505,2.9305,0.0,0.0,0.0,2.9305,479.3,0.0,0.0,0.0,,,0,1
l2_e1_leaf25,e1,leaf 25%,25,both,0,0.99,0,off,256,1,point-uniform,off,compute,1.9210,29999988,34.00,162.116,1,256,192,64,2.1,/home/apa222/REV/fair/results/l2_e1_leaf25/chime/sweep_mt0/cache_256MB/leaf_1/point-uniform/off/compute.log,10,6250000,1250002,399.4,2104.0,2503.4,100.0,0.0,both,0,,0,0,99.9979,,100.0,,,,,,,17.7,18.5,29.5,34.0,37.0,1.0,2.9581,0.0,0.0,0.0,2.9581,355.8,0.0,0.0,0.0,,,0,1
l2_e1_leaf25,e1,leaf 25%,25,both,0,0.99,0,off,256,1,point-zipf,off,compute,3.8219,29999988,27.50,153.772,1,256,192,64,58.51,/home/apa222/REV/fair/results/l2_e1_leaf25/chime/sweep_mt0/cache_256MB/leaf_1/point-zipf/off/compute.log,10,6250000,1250002,399.4,2104.0,2503.4,99.8,0.0,both,0,,0,0,99.9982,,99.81,,,,,,,9.09,7.0,16.5,27.5,91.0,0.9745,1.7681,0.0,0.0,0.0,1.7681,158.8,0.0,0.0,0.0,,,0,1
l2_e1_leaf25,e1,leaf 25%,25,both,0,0.99,0,off,512,1,point-uniform,off,compute,1.9003,29999988,34.50,162.116,1,512,384,128,4.19,/home/apa222/REV/fair/results/l2_e1_leaf25/chime/sweep_mt0/cache_512MB/leaf_1/point-uniform/off/compute.log,10,6250000,1250002,399.4,2104.0,2503.4,100.0,0.0,both,0,,0,0,99.9981,,100.0,,,,,,,17.84,18.5,30.0,34.5,38.0,1.0,2.9162,0.0,0.0,0.0,2.9162,348.5,0.0,0.0,0.0,,,0,1
l2_e1_leaf25,e1,leaf 25%,25,both,0,0.99,0,off,512,1,point-zipf,off,compute,4.1708,29999988,24.50,153.716,1,512,384,128,63.43,/home/apa222/REV/fair/results/l2_e1_leaf25/chime/sweep_mt0/cache_512MB/leaf_1/point-zipf/off/compute.log,10,6250000,1250002,399.4,2104.0,2503.4,99.8,0.0,both,0,,0,0,99.9983,,99.81,,,,,,,8.43,7.0,14.0,24.5,88.5,0.9734,1.6721,0.0,0.0,0.0,1.6721,142.4,0.0,0.0,0.0,,,0,1
l2_e1_leaf25,e1,leaf 25%,25,both,0,0.99,0,off,1024,1,point-uniform,off,compute,2.0088,29999988,34.50,162.115,1,1024,768,256,8.39,/home/apa222/REV/fair/results/l2_e1_leaf25/chime/sweep_mt0/cache_1024MB/leaf_1/point-uniform/off/compute.log,10,6250000,1250002,399.4,2104.0,2503.4,100.0,0.0,both,0,,0,0,99.9981,,100.0,,,,,,,17.09,15.0,29.5,34.5,37.5,1.0,2.8322,0.0,0.0,0.0,2.8322,334.0,0.0,0.0,0.0,,,0,1
l2_e1_leaf25,e1,leaf 25%,25,both,0,0.99,0,off,1024,1,point-zipf,off,compute,4.4384,29999988,23.00,153.699,1,1024,768,256,68.99,/home/apa222/REV/fair/results/l2_e1_leaf25/chime/sweep_mt0/cache_1024MB/leaf_1/point-zipf/off/compute.log,10,6250000,1250002,399.4,2104.0,2503.4,99.8,0.0,both,0,,0,0,99.9982,,99.81,,,,,,,7.91,6.5,13.0,23.0,89.0,0.974,1.5669,0.0,0.0,0.0,1.5669,124.1,0.0,0.0,0.0,,,0,1
l2_e1_leaf25,e1,leaf 25%,25,both,0,0.99,16,on,64,16,point-uniform,on,compute,3.0812,29999988,17.00,48.000,1,64,48,16,0.22,/home/apa222/REV/fair/results/l2_e1_leaf25/chime/sweep_mt16/cache_64MB/leaf_1/point-uniform/on/compute.log,10,6250000,1250002,399.4,2104.0,2503.4,57.1,0.0,both,0,,24055850,0,99.9981,,56.62,,,,,,,11.43,11.5,14.5,17.0,20.5,1.3823,0.9724,0.0,0.0,0.8019,1.7742,107.1,80.19,0.0,0.0,,,0,1
l2_e1_leaf25,e1,leaf 25%,25,both,0,0.99,16,on,64,16,point-zipf,on,compute,4.1550,29999988,16.00,48.000,1,64,48,16,50.59,/home/apa222/REV/fair/results/l2_e1_leaf25/chime/sweep_mt16/cache_64MB/leaf_1/point-zipf/on/compute.log,10,6250000,1250002,399.4,2104.0,2503.4,80.2,0.0,both,0,,9146566,0,99.9983,,80.0,,,,,,,8.47,8.0,13.0,16.0,20.0,1.1313,1.1624,0.0,0.0,0.3049,1.4672,83.1,30.49,0.0,0.0,,,0,1
l2_e1_leaf25,e1,leaf 25%,25,both,0,0.99,16,on,128,16,point-uniform,on,compute,2.7806,29999988,25.00,96.000,1,128,96,32,0.74,/home/apa222/REV/fair/results/l2_e1_leaf25/chime/sweep_mt16/cache_128MB/leaf_1/point-uniform/on/compute.log,10,6250000,1250002,399.4,2104.0,2503.4,68.4,0.0,both,0,,14298642,0,99.998,,68.23,,,,,,,12.63,12.5,17.0,25.0,30.5,1.2971,1.8525,0.0,0.0,0.4766,2.3291,209.4,47.66,0.0,0.0,,,0,1
l2_e1_leaf25,e1,leaf 25%,25,both,0,0.99,16,on,128,16,point-zipf,on,compute,4.2012,29999988,18.00,96.000,1,128,96,32,54.3,/home/apa222/REV/fair/results/l2_e1_leaf25/chime/sweep_mt16/cache_128MB/leaf_1/point-zipf/on/compute.log,10,6250000,1250002,399.4,2104.0,2503.4,88.5,0.0,both,0,,4543104,0,99.9981,,88.46,,,,,,,8.37,7.5,13.0,18.0,24.0,1.0602,1.4791,0.0,0.0,0.1514,1.6305,119.4,15.14,0.0,0.0,,,0,1
l2_e1_leaf25,e1,leaf 25%,25,both,0,0.99,16,on,256,16,point-uniform,on,compute,1.9169,29999988,34.00,162.115,1,256,192,64,2.09,/home/apa222/REV/fair/results/l2_e1_leaf25/chime/sweep_mt16/cache_256MB/leaf_1/point-uniform/on/compute.log,10,6250000,1250002,399.4,2104.0,2503.4,100.0,0.0,both,0,,2167,0,99.998,,99.99,,,,,,,17.69,18.0,30.0,34.0,37.5,1.0001,2.9579,0.0,0.0,0.0001,2.958,355.7,0.01,0.0,0.0,,,0,1
l2_e1_leaf25,e1,leaf 25%,25,both,0,0.99,16,on,256,16,point-zipf,on,compute,3.9018,29999988,28.50,153.675,1,256,192,64,58.65,/home/apa222/REV/fair/results/l2_e1_leaf25/chime/sweep_mt16/cache_256MB/leaf_1/point-zipf/on/compute.log,10,6250000,1250002,399.4,2104.0,2503.4,98.7,0.0,both,0,,433977,0,99.9984,,98.73,,,,,,,8.93,6.5,17.5,28.5,33.5,0.9702,1.7193,0.0,0.0,0.0145,1.7338,148.8,1.45,0.0,0.0,,,0,1
l2_e1_leaf25,e1,leaf 25%,25,both,0,0.99,16,on,512,16,point-uniform,on,compute,1.9418,29999988,34.00,162.115,1,512,384,128,4.19,/home/apa222/REV/fair/results/l2_e1_leaf25/chime/sweep_mt16/cache_512MB/leaf_1/point-uniform/on/compute.log,10,6250000,1250002,399.4,2104.0,2503.4,100.0,0.0,both,0,,2243,0,99.9979,,99.99,,,,,,,17.58,18.0,29.5,34.0,37.5,1.0001,2.9159,0.0,0.0,0.0001,2.916,348.5,0.01,0.0,0.0,,,0,1
l2_e1_leaf25,e1,leaf 25%,25,both,0,0.99,16,on,512,16,point-zipf,on,compute,4.3363,29999988,23.50,153.739,1,512,384,128,63.48,/home/apa222/REV/fair/results/l2_e1_leaf25/chime/sweep_mt16/cache_512MB/leaf_1/point-zipf/on/compute.log,10,6250000,1250002,399.4,2104.0,2503.4,98.7,0.0,both,0,,428352,0,99.9982,,98.74,,,,,,,8.12,6.5,14.0,23.5,29.0,0.9674,1.6225,0.0,0.0,0.0143,1.6368,132.5,1.43,0.0,0.0,,,0,1
l2_e1_leaf25,e1,leaf 25%,25,both,0,0.99,16,on,1024,16,point-uniform,on,compute,1.9885,29999988,35.00,162.115,1,1024,768,256,8.39,/home/apa222/REV/fair/results/l2_e1_leaf25/chime/sweep_mt16/cache_1024MB/leaf_1/point-uniform/on/compute.log,10,6250000,1250002,399.4,2104.0,2503.4,100.0,0.0,both,0,,2060,0,99.998,,99.99,,,,,,,17.23,15.0,30.0,35.0,38.5,1.0001,2.832,0.0,0.0,0.0001,2.8321,333.9,0.01,0.0,0.0,,,0,1
l2_e1_leaf25,e1,leaf 25%,25,both,0,0.99,16,on,1024,16,point-zipf,on,compute,4.5899,29999988,21.00,153.730,1,1024,768,256,68.97,/home/apa222/REV/fair/results/l2_e1_leaf25/chime/sweep_mt16/cache_1024MB/leaf_1/point-zipf/on/compute.log,10,6250000,1250002,399.4,2104.0,2503.4,98.7,0.0,both,0,,429216,0,99.9983,,98.74,,,,,,,7.68,6.5,12.5,21.0,27.5,0.9646,1.5131,0.0,0.0,0.0143,1.5274,114.0,1.43,0.0,0.0,,,0,1
l2_e1_leaf50,e1,leaf 50%,50,both,0,0.99,0,off,64,1,point-uniform,off,compute,0.2955,29999988,291.00,32.000,1,64,32,32,1.05,/home/apa222/REV/fair/results/l2_e1_leaf50/chime/sweep_mt0/cache_64MB/leaf_1/point-uniform/off/compute.log,10,6250000,1250002,399.4,2104.0,2503.4,52.0,0.0,both,0,,0,0,99.998,,51.26,,,,,,,119.41,83.0,235.5,291.0,329.5,5.8043,7.7834,0.0,0.0,0.0,7.7834,1761.9,0.0,0.0,0.0,,,0,1
l2_e1_leaf50,e1,leaf 50%,50,both,0,0.99,0,off,64,1,point-zipf,off,compute,0.6232,29999988,266.50,32.000,1,64,32,32,55.31,/home/apa222/REV/fair/results/l2_e1_leaf50/chime/sweep_mt0/cache_64MB/leaf_1/point-zipf/off/compute.log,10,6250000,1250002,399.4,2104.0,2503.4,77.0,0.0,both,0,,0,0,99.9984,,76.77,,,,,,,56.58,12.5,202.0,266.5,310.0,3.2447,4.1244,0.0,0.0,0.0,4.1244,826.8,0.0,0.0,0.0,,,0,1
l2_e1_leaf50,e1,leaf 50%,50,both,0,0.99,0,off,128,1,point-uniform,off,compute,0.3868,29999988,262.00,64.000,1,128,64,64,2.09,/home/apa222/REV/fair/results/l2_e1_leaf50/chime/sweep_mt0/cache_128MB/leaf_1/point-uniform/off/compute.log,10,6250000,1250002,399.4,2104.0,2503.4,62.6,0.0,both,0,,0,0,99.998,,62.17,,,,,,,91.59,59.5,219.0,262.0,295.5,4.7407,6.6988,0.0,0.0,0.0,6.6988,1444.6,0.0,0.0,0.0,,,0,1
l2_e1_leaf50,e1,leaf 50%,50,both,0,0.99,0,off,128,1,point-zipf,off,compute,0.9010,29999988,232.50,64.000,1,128,64,64,59.59,/home/apa222/REV/fair/results/l2_e1_leaf50/chime/sweep_mt0/cache_128MB/leaf_1/point-zipf/off/compute.log,10,6250000,1250002,399.4,2104.0,2503.4,84.0,0.0,both,0,,0,0,99.9982,,83.9,,,,,,,39.32,11.5,172.0,232.5,271.5,2.5493,3.3425,0.0,0.0,0.0,3.3425,608.7,0.0,0.0,0.0,,,0,1
l2_e1_leaf50,e1,leaf 50%,50,both,0,0.99,0,off,256,1,point-uniform,off,compute,0.7355,29999988,232.00,128.000,1,256,128,128,4.19,/home/apa222/REV/fair/results/l2_e1_leaf50/chime/sweep_mt0/cache_256MB/leaf_1/point-uniform/off/compute.log,10,6250000,1250002,399.4,2104.0,2503.4,80.4,0.0,both,0,,0,0,99.998,,80.34,,,,,,,47.8,15.5,182.0,232.0,264.0,2.9594,4.8756,0.0,0.0,0.0,4.8756,914.3,0.0,0.0,0.0,,,0,1
l2_e1_leaf50,e1,leaf 50%,50,both,0,0.99,0,off,256,1,point-zipf,off,compute,2.0093,29999988,169.00,128.000,1,256,128,128,63.89,/home/apa222/REV/fair/results/l2_e1_leaf50/chime/sweep_mt0/cache_256MB/leaf_1/point-zipf/off/compute.log,10,6250000,1250002,399.4,2104.0,2503.4,94.1,0.0,both,0,,0,0,99.9981,,94.13,,,,,,,17.6,9.5,17.5,169.0,198.5,1.5351,2.2345,0.0,0.0,0.0,2.2345,301.1,0.0,0.0,0.0,,,0,1
l2_e1_leaf50,e1,leaf 50%,50,both,0,0.99,0,off,512,1,point-uniform,off,compute,1.9880,29999988,35.00,162.116,1,512,256,256,8.39,/home/apa222/REV/fair/results/l2_e1_leaf50/chime/sweep_mt0/cache_512MB/leaf_1/point-uniform/off/compute.log,10,6250000,1250002,399.4,2104.0,2503.4,100.0,0.0,both,0,,0,0,99.998,,100.0,,,,,,,17.18,14.0,30.0,35.0,38.5,1.0,2.8323,0.0,0.0,0.0,2.8323,334.0,0.0,0.0,0.0,,,0,1
l2_e1_leaf50,e1,leaf 50%,50,both,0,0.99,0,off,512,1,point-zipf,off,compute,4.5123,29999988,21.00,153.710,1,512,256,256,69.01,/home/apa222/REV/fair/results/l2_e1_leaf50/chime/sweep_mt0/cache_512MB/leaf_1/point-zipf/off/compute.log,10,6250000,1250002,399.4,2104.0,2503.4,99.8,0.0,both,0,,0,0,99.9981,,99.81,,,,,,,7.81,6.5,12.5,21.0,89.0,0.9737,1.5659,0.0,0.0,0.0,1.5659,123.9,0.0,0.0,0.0,,,0,1
l2_e1_leaf50,e1,leaf 50%,50,both,0,0.99,0,off,1024,1,point-uniform,off,compute,2.1327,29999988,35.00,162.116,1,1024,512,512,16.79,/home/apa222/REV/fair/results/l2_e1_leaf50/chime/sweep_mt0/cache_1024MB/leaf_1/point-uniform/off/compute.log,10,6250000,1250002,399.4,2104.0,2503.4,100.0,0.0,both,0,,0,0,99.9981,,100.0,,,,,,,16.09,11.5,29.5,35.0,38.5,1.0,2.6643,0.0,0.0,0.0,2.6643,304.9,0.0,0.0,0.0,,,0,1
l2_e1_leaf50,e1,leaf 50%,50,both,0,0.99,0,off,1024,1,point-zipf,off,compute,4.7980,29999988,17.50,153.728,1,1024,512,512,75.36,/home/apa222/REV/fair/results/l2_e1_leaf50/chime/sweep_mt0/cache_1024MB/leaf_1/point-zipf/off/compute.log,10,6250000,1250002,399.4,2104.0,2503.4,99.8,0.0,both,0,,0,0,99.9982,,99.81,,,,,,,7.37,6.5,11.5,17.5,86.5,0.9659,1.4331,0.0,0.0,0.0,1.4331,102.2,0.0,0.0,0.0,,,0,1
l2_e1_leaf50,e1,leaf 50%,50,both,0,0.99,16,on,64,16,point-uniform,on,compute,3.0581,29999988,17.50,32.000,1,64,32,32,0.36,/home/apa222/REV/fair/results/l2_e1_leaf50/chime/sweep_mt16/cache_64MB/leaf_1/point-uniform/on/compute.log,10,6250000,1250002,399.4,2104.0,2503.4,51.7,0.0,both,0,,26601676,0,99.998,,51.02,,,,,,,11.57,11.5,15.0,17.5,21.0,1.4213,0.754,0.0,0.0,0.8867,1.6408,79.6,88.67,0.0,0.0,,,0,1
l2_e1_leaf50,e1,leaf 50%,50,both,0,0.99,16,on,64,16,point-zipf,on,compute,4.1908,29999988,17.00,32.000,1,64,32,32,53.8,/home/apa222/REV/fair/results/l2_e1_leaf50/chime/sweep_mt16/cache_64MB/leaf_1/point-zipf/on/compute.log,10,6250000,1250002,399.4,2104.0,2503.4,76.3,0.0,both,0,,11159837,0,99.9982,,76.01,,,,,,,8.41,7.5,13.5,17.0,20.5,1.1618,0.9306,0.0,0.0,0.372,1.3026,51.2,37.2,0.0,0.0,,,0,1
l2_e1_leaf50,e1,leaf 50%,50,both,0,0.99,16,on,128,16,point-uniform,on,compute,3.0739,29999988,17.00,64.000,1,128,64,64,1.05,/home/apa222/REV/fair/results/l2_e1_leaf50/chime/sweep_mt16/cache_128MB/leaf_1/point-uniform/on/compute.log,10,6250000,1250002,399.4,2104.0,2503.4,62.0,0.0,both,0,,21059742,0,99.998,,61.59,,,,,,,11.46,11.5,14.5,17.0,20.5,1.3423,1.2153,0.0,0.0,0.702,1.9173,136.1,70.2,0.0,0.0,,,0,1
l2_e1_leaf50,e1,leaf 50%,50,both,0,0.99,16,on,128,16,point-zipf,on,compute,4.3776,29999988,15.50,64.000,1,128,64,64,58.51,/home/apa222/REV/fair/results/l2_e1_leaf50/chime/sweep_mt16/cache_128MB/leaf_1/point-zipf/on/compute.log,10,6250000,1250002,399.4,2104.0,2503.4,83.3,0.0,both,0,,7414193,0,99.9982,,83.17,,,,,,,8.03,7.0,13.0,15.5,19.5,1.1038,1.155,0.0,0.0,0.2471,1.4022,75.0,24.71,0.0,0.0,,,0,1
l2_e1_leaf50,e1,leaf 50%,50,both,0,0.99,16,on,256,16,point-uniform,on,compute,2.3404,29999988,32.00,128.000,1,256,128,128,3.61,/home/apa222/REV/fair/results/l2_e1_leaf50/chime/sweep_mt16/cache_256MB/leaf_1/point-uniform/on/compute.log,10,6250000,1250002,399.4,2104.0,2503.4,80.4,0.0,both,0,,7336055,0,99.998,,80.29,,,,,,,14.86,12.5,25.5,32.0,36.0,1.1909,2.385,0.0,0.0,0.2445,2.6295,273.3,24.45,0.0,0.0,,,0,1
l2_e1_leaf50,e1,leaf 50%,50,both,0,0.99,16,on,256,16,point-zipf,on,compute,4.4810,29999988,18.00,128.000,1,256,128,128,63.38,/home/apa222/REV/fair/results/l2_e1_leaf50/chime/sweep_mt16/cache_256MB/leaf_1/point-zipf/on/compute.log,10,6250000,1250002,399.4,2104.0,2503.4,93.9,0.0,both,0,,2161126,0,99.9982,,93.92,,,,,,,7.84,6.5,12.5,18.0,24.0,1.0093,1.4913,0.0,0.0,0.072,1.5633,114.2,7.2,0.0,0.0,,,0,1
l2_e1_leaf50,e1,leaf 50%,50,both,0,0.99,16,on,512,16,point-uniform,on,compute,2.0180,29999988,34.00,162.116,1,512,256,256,8.39,/home/apa222/REV/fair/results/l2_e1_leaf50/chime/sweep_mt16/cache_512MB/leaf_1/point-uniform/on/compute.log,10,6250000,1250002,399.4,2104.0,2503.4,100.0,0.0,both,0,,2084,0,99.998,,99.99,,,,,,,17.03,15.0,29.5,34.0,37.5,1.0001,2.8321,0.0,0.0,0.0001,2.8322,334.0,0.01,0.0,0.0,,,0,1
l2_e1_leaf50,e1,leaf 50%,50,both,0,0.99,16,on,512,16,point-zipf,on,compute,4.6569,29999988,20.50,153.696,1,512,256,256,69.03,/home/apa222/REV/fair/results/l2_e1_leaf50/chime/sweep_mt16/cache_512MB/leaf_1/point-zipf/on/compute.log,10,6250000,1250002,399.4,2104.0,2503.4,98.7,0.0,both,0,,433189,0,99.9983,,98.72,,,,,,,7.58,6.5,12.5,20.5,27.0,0.9663,1.514,0.0,0.0,0.0144,1.5284,113.9,1.44,0.0,0.0,,,0,1
l2_e1_leaf50,e1,leaf 50%,50,both,0,0.99,16,on,1024,16,point-uniform,on,compute,2.1897,29999988,34.00,162.115,1,1024,512,512,16.77,/home/apa222/REV/fair/results/l2_e1_leaf50/chime/sweep_mt16/cache_1024MB/leaf_1/point-uniform/on/compute.log,10,6250000,1250002,399.4,2104.0,2503.4,100.0,0.0,both,0,,2111,0,99.998,,99.99,,,,,,,15.81,11.5,28.5,34.0,37.5,1.0001,2.6644,0.0,0.0,0.0001,2.6645,305.0,0.01,0.0,0.0,,,0,1
l2_e1_leaf50,e1,leaf 50%,50,both,0,0.99,16,on,1024,16,point-zipf,on,compute,4.9192,29999988,17.00,153.745,1,1024,512,512,75.52,/home/apa222/REV/fair/results/l2_e1_leaf50/chime/sweep_mt16/cache_1024MB/leaf_1/point-zipf/on/compute.log,10,6250000,1250002,399.4,2104.0,2503.4,98.7,0.0,both,0,,429664,0,99.9982,,98.74,,,,,,,7.13,6.5,11.5,17.0,23.0,0.9644,1.3878,0.0,0.0,0.0143,1.4021,92.4,1.43,0.0,0.0,,,0,1
l2_e1_leaf75,e1,leaf 75%,75,both,0,0.99,0,off,64,1,point-uniform,off,compute,0.2517,29999988,306.50,16.000,1,64,16,48,2.09,/home/apa222/REV/fair/results/l2_e1_leaf75/chime/sweep_mt0/cache_64MB/leaf_1/point-uniform/off/compute.log,10,6250000,1250002,399.4,2104.0,2503.4,45.2,0.0,both,0,,0,0,99.9979,,44.28,,,,,,,140.28,121.5,250.0,306.5,347.5,6.4799,8.4381,0.0,0.0,0.0,8.4381,1959.1,0.0,0.0,0.0,,,0,1
l2_e1_leaf75,e1,leaf 75%,75,both,0,0.99,0,off,64,1,point-zipf,off,compute,0.4773,29999988,294.50,16.000,1,64,16,48,59.75,/home/apa222/REV/fair/results/l2_e1_leaf75/chime/sweep_mt0/cache_64MB/leaf_1/point-zipf/off/compute.log,10,6250000,1250002,399.4,2104.0,2503.4,70.9,0.0,both,0,,0,0,99.9981,,70.47,,,,,,,74.14,14.0,224.0,294.5,344.0,3.857,4.6505,0.0,0.0,0.0,4.6505,991.7,0.0,0.0,0.0,,,0,1
l2_e1_leaf75,e1,leaf 75%,75,both,0,0.99,0,off,128,1,point-uniform,off,compute,0.3043,29999988,277.50,32.000,1,128,32,96,4.19,/home/apa222/REV/fair/results/l2_e1_leaf75/chime/sweep_mt0/cache_128MB/leaf_1/point-uniform/off/compute.log,10,6250000,1250002,399.4,2104.0,2503.4,51.9,0.0,both,0,,0,0,99.9981,,51.26,,,,,,,115.78,80.0,227.5,277.5,314.5,5.8051,7.7212,0.0,0.0,0.0,7.7212,1751.3,0.0,0.0,0.0,,,0,1
l2_e1_leaf75,e1,leaf 75%,75,both,0,0.99,0,off,128,1,point-zipf,off,compute,0.6214,29999988,266.50,32.000,1,128,32,96,64.52,/home/apa222/REV/fair/results/l2_e1_leaf75/chime/sweep_mt0/cache_128MB/leaf_1/point-zipf/off/compute.log,10,6250000,1250002,399.4,2104.0,2503.4,77.0,0.0,both,0,,0,0,99.9982,,76.78,,,,,,,56.83,12.5,201.5,266.5,310.0,3.2465,3.9453,0.0,0.0,0.0,3.9453,795.9,0.0,0.0,0.0,,,0,1
l2_e1_leaf75,e1,leaf 75%,75,both,0,0.99,0,off,256,1,point-uniform,off,compute,0.4018,29999988,253.50,64.000,1,256,64,192,8.39,/home/apa222/REV/fair/results/l2_e1_leaf75/chime/sweep_mt0/cache_256MB/leaf_1/point-uniform/off/compute.log,10,6250000,1250002,399.4,2104.0,2503.4,62.6,0.0,both,0,,0,0,99.9979,,62.17,,,,,,,88.02,57.5,210.5,253.5,287.5,4.7404,6.5725,0.0,0.0,0.0,6.5725,1422.7,0.0,0.0,0.0,,,0,1
l2_e1_leaf75,e1,leaf 75%,75,both,0,0.99,0,off,256,1,point-zipf,off,compute,0.9093,29999988,230.50,64.000,1,256,64,192,69.76,/home/apa222/REV/fair/results/l2_e1_leaf75/chime/sweep_mt0/cache_256MB/leaf_1/point-zipf/off/compute.log,10,6250000,1250002,399.4,2104.0,2503.4,84.0,0.0,both,0,,0,0,99.9981,,83.86,,,,,,,38.94,11.0,173.0,230.5,267.5,2.5494,3.1422,0.0,0.0,0.0,3.1422,574.4,0.0,0.0,0.0,,,0,1
l2_e1_leaf75,e1,leaf 75%,75,both,0,0.99,0,off,512,1,point-uniform,off,compute,0.7417,29999988,232.50,128.000,1,512,128,384,16.79,/home/apa222/REV/fair/results/l2_e1_leaf75/chime/sweep_mt0/cache_512MB/leaf_1/point-uniform/off/compute.log,10,6250000,1250002,399.4,2104.0,2503.4,80.4,0.0,both,0,,0,0,99.998,,80.33,,,,,,,47.69,15.0,183.5,232.5,264.5,2.9613,4.6255,0.0,0.0,0.0,4.6255,871.3,0.0,0.0,0.0,,,0,1
l2_e1_leaf75,e1,leaf 75%,75,both,0,0.99,0,off,512,1,point-zipf,off,compute,2.0853,29999988,165.00,128.000,1,512,128,384,75.85,/home/apa222/REV/fair/results/l2_e1_leaf75/chime/sweep_mt0/cache_512MB/leaf_1/point-zipf/off/compute.log,10,6250000,1250002,399.4,2104.0,2503.4,94.2,0.0,both,0,,0,0,99.9981,,94.14,,,,,,,16.96,9.5,16.0,165.0,194.5,1.5328,2.0001,0.0,0.0,0.0,2.0001,260.6,0.0,0.0,0.0,,,0,1
l2_e1_leaf75,e1,leaf 75%,75,both,0,0.99,0,off,1024,1,point-uniform,off,compute,2.5818,29999988,33.00,162.116,1,1024,256,768,33.56,/home/apa222/REV/fair/results/l2_e1_leaf75/chime/sweep_mt0/cache_1024MB/leaf_1/point-uniform/off/compute.log,10,6250000,1250002,399.4,2104.0,2503.4,100.0,0.0,both,0,,0,0,99.9981,,100.0,,,,,,,13.44,10.0,26.5,33.0,36.5,1.0,2.3288,0.0,0.0,0.0,2.3288,246.9,0.0,0.0,0.0,,,0,1
l2_e1_leaf75,e1,leaf 75%,75,both,0,0.99,0,off,1024,1,point-zipf,off,compute,5.1134,29999988,15.00,153.697,1,1024,256,768,83.34,/home/apa222/REV/fair/results/l2_e1_leaf75/chime/sweep_mt0/cache_1024MB/leaf_1/point-zipf/off/compute.log,10,6250000,1250002,399.4,2104.0,2503.4,99.8,0.0,both,0,,0,0,99.9982,,99.81,,,,,,,6.92,6.5,10.5,15.0,87.0,0.9662,1.2821,0.0,0.0,0.0,1.2821,76.0,0.0,0.0,0.0,,,0,1
l2_e1_leaf75,e1,leaf 75%,75,both,0,0.99,16,on,64,16,point-uniform,on,compute,2.8293,29999988,21.50,16.000,1,64,16,48,0.6,/home/apa222/REV/fair/results/l2_e1_leaf75/chime/sweep_mt16/cache_64MB/leaf_1/point-uniform/on/compute.log,10,6250000,1250002,399.4,2104.0,2503.4,45.0,0.0,both,0,,28702961,0,99.9981,,44.05,,,,,,,12.41,12.5,16.5,21.5,27.0,1.4685,0.5863,0.0,0.0,0.9568,1.543,56.6,95.68,0.0,0.0,,,0,1
l2_e1_leaf75,e1,leaf 75%,75,both,0,0.99,16,on,64,16,point-zipf,on,compute,3.8497,29999988,21.00,16.000,1,64,16,48,50.26,/home/apa222/REV/fair/results/l2_e1_leaf75/chime/sweep_mt16/cache_64MB/leaf_1/point-zipf/on/compute.log,10,6250000,1250002,399.4,2104.0,2503.4,69.7,0.0,both,0,,13849813,0,99.9983,,69.27,,,,,,,9.18,8.0,15.0,21.0,27.0,1.2135,0.7812,0.0,0.0,0.4617,1.2429,34.5,46.17,0.0,0.0,,,0,1
l2_e1_leaf75,e1,leaf 75%,75,both,0,0.99,16,on,128,16,point-uniform,on,compute,3.0430,29999988,18.00,32.000,1,128,32,96,1.43,/home/apa222/REV/fair/results/l2_e1_leaf75/chime/sweep_mt16/cache_128MB/leaf_1/point-uniform/on/compute.log,10,6250000,1250002,399.4,2104.0,2503.4,51.7,0.0,both,0,,26608165,0,99.9979,,51.0,,,,,,,11.59,11.5,15.0,18.0,21.0,1.4215,0.7321,0.0,0.0,0.8869,1.619,75.8,88.69,0.0,0.0,,,0,1
l2_e1_leaf75,e1,leaf 75%,75,both,0,0.99,16,on,128,16,point-zipf,on,compute,4.2876,29999988,16.50,32.000,1,128,32,96,57.33,/home/apa222/REV/fair/results/l2_e1_leaf75/chime/sweep_mt16/cache_128MB/leaf_1/point-zipf/on/compute.log,10,6250000,1250002,399.4,2104.0,2503.4,76.1,0.0,both,0,,11170580,0,99.9981,,75.87,,,,,,,8.22,7.0,13.5,16.5,20.5,1.1632,0.863,0.0,0.0,0.3724,1.2354,39.3,37.24,0.0,0.0,,,0,1
l2_e1_leaf75,e1,leaf 75%,75,both,0,0.99,16,on,256,16,point-uniform,on,compute,3.1365,29999988,17.00,64.000,1,256,64,192,4.22,/home/apa222/REV/fair/results/l2_e1_leaf75/chime/sweep_mt16/cache_256MB/leaf_1/point-uniform/on/compute.log,10,6250000,1250002,399.4,2104.0,2503.4,62.1,0.0,both,0,,21066783,0,99.998,,61.71,,,,,,,11.2,11.5,14.5,17.0,20.0,1.3408,1.1498,0.0,0.0,0.7022,1.852,125.0,70.22,0.0,0.0,,,0,1
l2_e1_leaf75,e1,leaf 75%,75,both,0,0.99,16,on,256,16,point-zipf,on,compute,4.5163,29999988,15.50,64.000,1,256,64,192,65.21,/home/apa222/REV/fair/results/l2_e1_leaf75/chime/sweep_mt16/cache_256MB/leaf_1/point-zipf/on/compute.log,10,6250000,1250002,399.4,2104.0,2503.4,83.3,0.0,both,0,,7421717,0,99.9983,,83.21,,,,,,,7.8,7.0,12.5,15.5,19.0,1.103,1.0252,0.0,0.0,0.2474,1.2726,52.7,24.74,0.0,0.0,,,0,1
l2_e1_leaf75,e1,leaf 75%,75,both,0,0.99,16,on,512,16,point-uniform,on,compute,2.6417,29999988,30.00,128.000,1,512,128,384,14.49,/home/apa222/REV/fair/results/l2_e1_leaf75/chime/sweep_mt16/cache_512MB/leaf_1/point-uniform/on/compute.log,10,6250000,1250002,399.4,2104.0,2503.4,80.3,0.0,both,0,,7342568,0,99.9979,,80.26,,,,,,,13.26,12.0,22.0,30.0,34.0,1.1912,2.1672,0.0,0.0,0.2448,2.4119,235.6,24.48,0.0,0.0,,,0,1
l2_e1_leaf75,e1,leaf 75%,75,both,0,0.99,16,on,512,16,point-zipf,on,compute,4.9286,29999988,15.00,128.000,1,512,128,384,74.44,/home/apa222/REV/fair/results/l2_e1_leaf75/chime/sweep_mt16/cache_512MB/leaf_1/point-zipf/on/compute.log,10,6250000,1250002,399.4,2104.0,2503.4,93.9,0.0,both,0,,2160128,0,99.9982,,93.9,,,,,,,7.15,6.5,11.5,15.0,20.5,1.0072,1.2772,0.0,0.0,0.072,1.3492,77.5,7.2,0.0,0.0,,,0,1
l2_e1_leaf75,e1,leaf 75%,75,both,0,0.99,16,on,1024,16,point-uniform,on,compute,2.5894,29999988,33.00,162.116,1,1024,256,768,33.56,/home/apa222/REV/fair/results/l2_e1_leaf75/chime/sweep_mt16/cache_1024MB/leaf_1/point-uniform/on/compute.log,10,6250000,1250002,399.4,2104.0,2503.4,100.0,0.0,both,0,,1791,0,99.9979,,100.0,,,,,,,13.4,10.0,27.0,33.0,37.0,1.0,2.3286,0.0,0.0,0.0001,2.3287,246.9,0.01,0.0,0.0,,,0,1
l2_e1_leaf75,e1,leaf 75%,75,both,0,0.99,16,on,1024,16,point-zipf,on,compute,5.2740,29999988,14.50,153.716,1,1024,256,768,83.31,/home/apa222/REV/fair/results/l2_e1_leaf75/chime/sweep_mt16/cache_1024MB/leaf_1/point-zipf/on/compute.log,10,6250000,1250002,399.4,2104.0,2503.4,98.7,0.0,both,0,,430597,0,99.9982,,98.73,,,,,,,6.68,6.5,10.5,14.5,21.5,0.9607,1.2344,0.0,0.0,0.0144,1.2487,66.4,1.44,0.0,0.0,,,0,1
l2_e2_batch,e2,pull, batched, no leaf reuse,1mb,both,0,off,32,1,range-uniform,off,compute,0.0486,29999988,1000.00,31.000,1,32,31,1,0.0,/home/apa222/REV/fair/results/l2_e2_batch/chime/sweep_mt0/cache_32MB/leaf_1/range-uniform/off/compute.log,10,6250000,1250002,399.4,2104.0,2503.4,49.3,0.0,both,0,,0,0,,2999990968,0.0,21407399,7252922,67956,38234951,1.28,0.18,720.7,759.5,938.5,1000.0,1000.0,103.2335,132.0325,0.0,0.0,0.0,132.0325,10024.6,0.0,0.0,0.0,,,0,1
l2_e2_batch,e2,pull, batched, no leaf reuse,1mb,both,0,off,32,1,range-zipf,off,compute,0.0936,29999988,974.00,31.000,1,32,31,1,0.0,/home/apa222/REV/fair/results/l2_e2_batch/chime/sweep_mt0/cache_32MB/leaf_1/range-zipf/off/compute.log,10,6250000,1250002,399.4,2104.0,2503.4,49.3,0.0,both,0,,0,0,,2999976286,0.0,9654208,5339743,3619839,209124042,7.09,1.7,376.64,73.0,823.5,974.0,1000.0,53.9418,87.369,0.0,0.0,0.0,87.369,7426.3,0.0,0.0,0.0,,,0,1
l2_e2_batch,e2,pull, batched, no leaf reuse,1mb,both,0,off,128,1,range-uniform,off,compute,0.1101,29999988,938.00,127.000,1,128,127,1,0.0,/home/apa222/REV/fair/results/l2_e2_batch/chime/sweep_mt0/cache_128MB/leaf_1/range-uniform/off/compute.log,10,6250000,1250002,399.4,2104.0,2503.4,49.2,0.0,both,0,,0,0,,2999958807,0.0,1347606,14053269,107277,245707281,8.19,0.04,320.02,168.0,760.0,938.0,1000.0,45.4234,79.9655,0.0,0.0,0.0,79.9655,7190.7,0.0,0.0,0.0,,,0,1
l2_e2_batch,e2,pull, batched, no leaf reuse,1mb,both,0,off,128,1,range-zipf,off,compute,0.2422,29999988,838.00,127.000,1,128,127,1,0.0,/home/apa222/REV/fair/results/l2_e2_batch/chime/sweep_mt0/cache_128MB/leaf_1/range-zipf/off/compute.log,10,6250000,1250002,399.4,2104.0,2503.4,49.3,0.0,both,0,,0,0,,2999956360,0.0,486948,5724456,5892819,334155382,11.33,1.73,145.73,41.0,609.5,838.0,966.0,18.5389,55.3668,0.0,0.0,0.0,55.3668,5692.2,0.0,0.0,0.0,,,0,1
l2_e2_batch,e2,pull, batched, no leaf reuse,1mb,both,0,off,512,1,range-uniform,off,compute,0.9284,29999988,52.50,162.125,1,512,511,1,0.0,/home/apa222/REV/fair/results/l2_e2_batch/chime/sweep_mt0/cache_512MB/leaf_1/range-uniform/off/compute.log,10,6250000,1250002,399.4,2104.0,2503.4,,,both,0,,0,0,,2999935664,0.0,0,0,131089,401110751,13.37,0.03,38.44,38.0,41.0,52.5,58.5,1.0017,40.1155,0.0,0.0,0.0,40.1155,4853.5,0.0,0.0,0.0,,,0,1
l2_e2_batch,e2,pull, batched, no leaf reuse,1mb,both,0,off,512,1,range-zipf,off,compute,0.9414,29999988,50.50,162.097,1,512,511,1,0.0,/home/apa222/REV/fair/results/l2_e2_batch/chime/sweep_mt0/cache_512MB/leaf_1/range-zipf/off/compute.log,10,6250000,1250002,399.4,2104.0,2503.4,49.4,0.0,both,0,,0,0,,2999946919,0.0,0,211,14486708,386919901,13.38,3.61,37.94,38.0,41.0,50.5,57.5,1.1321,39.1756,0.0,0.0,0.0,39.1756,4690.0,0.0,0.0,0.0,,,0,1
l2_e2_leaf,e2,pull, batched + leaf cache,50,both,0,0,off,32,1,range-uniform,off,compute,0.0481,29999988,1000.00,16.000,1,32,16,16,0.0,/home/apa222/REV/fair/results/l2_e2_leaf/chime/sweep_mt0/cache_32MB/leaf_1/range-uniform/off/compute.log,10,6250000,1250002,399.4,2104.0,2503.4,49.4,0.0,both,0,,0,0,,2999994551,0.0,25722958,3707246,772595,17193919,0.6,4.3,736.53,752.5,899.0,1000.0,1000.0,107.9417,135.1187,0.0,0.0,0.0,135.1187,9861.5,0.0,0.0,0.0,,,0,1
l2_e2_leaf,e2,pull, batched + leaf cache,50,both,0,0,off,32,1,range-zipf,off,compute,0.0780,29999988,1000.00,16.000,1,32,16,16,0.0,/home/apa222/REV/fair/results/l2_e2_leaf/chime/sweep_mt0/cache_32MB/leaf_1/range-zipf/off/compute.log,10,6250000,1250002,399.4,2104.0,2503.4,49.4,0.0,both,0,,0,0,,2999981552,0.0,12961538,4007649,100342258,80540497,6.03,55.47,453.18,629.0,880.0,1000.0,1000.0,62.5271,87.8202,0.0,0.0,0.0,87.8202,6511.2,0.0,0.0,0.0,,,0,1
l2_e2_leaf,e2,pull, batched + leaf cache,50,both,0,0,off,128,1,range-uniform,off,compute,0.0556,29999988,1000.00,64.000,1,128,64,64,0.0,/home/apa222/REV/fair/results/l2_e2_leaf/chime/sweep_mt0/cache_128MB/leaf_1/range-uniform/off/compute.log,10,6250000,1250002,399.4,2104.0,2503.4,49.2,0.0,both,0,,0,0,,2999983407,0.0,12479663,13695500,4269417,87191441,3.05,4.67,633.13,716.0,927.5,1000.0,1000.0,89.5648,118.4153,0.0,0.0,0.0,118.4153,9351.2,0.0,0.0,0.0,,,0,1
l2_e2_leaf,e2,pull, batched + leaf cache,50,both,0,0,off,128,1,range-zipf,off,compute,0.1189,29999988,960.00,64.000,1,128,64,64,0.0,/home/apa222/REV/fair/results/l2_e2_leaf/chime/sweep_mt0/cache_128MB/leaf_1/range-zipf/off/compute.log,10,6250000,1250002,399.4,2104.0,2503.4,49.3,0.0,both,0,,0,0,,2999968914,0.0,4918137,7136401,138384608,122812514,8.71,52.98,296.95,72.5,785.5,960.0,1000.0,40.9817,66.1253,0.0,0.0,0.0,66.1253,5234.9,0.0,0.0,0.0,,,0,1
l2_e2_leaf,e2,pull, batched + leaf cache,50,both,0,0,off,512,1,range-uniform,off,compute,0.1792,29999988,520.00,162.125,1,512,256,256,0.0,/home/apa222/REV/fair/results/l2_e2_leaf/chime/sweep_mt0/cache_512MB/leaf_1/range-uniform/off/compute.log,10,6250000,1250002,399.4,2104.0,2503.4,,,both,0,,0,0,,2999935422,0.0,0,0,33653281,367591057,13.37,8.39,182.26,162.5,345.0,520.0,650.5,1.5276,37.8809,0.0,0.0,0.0,37.8809,4466.9,0.0,0.0,0.0,,,0,1
l2_e2_leaf,e2,pull, batched + leaf cache,50,both,0,0,off,512,1,range-zipf,off,compute,0.3288,29999988,400.50,162.099,1,512,256,256,0.0,/home/apa222/REV/fair/results/l2_e2_leaf/chime/sweep_mt0/cache_512MB/leaf_1/range-zipf/off/compute.log,10,6250000,1250002,399.4,2104.0,2503.4,49.3,0.0,both,0,,0,0,,2999947537,0.0,0,191,213859935,187549454,13.38,53.28,97.79,57.0,224.5,400.5,513.5,1.3765,25.8842,0.0,0.0,0.0,25.8842,2390.6,0.0,0.0,0.0,,,0,1
l2_e2_pushall,e2,push every scan,0,both,1,0.99,16,on,32,16,range-uniform,on,compute,1.0444,29999988,43.50,32.000,0,32,32,0,0.0,/home/apa222/REV/fair/results/l2_e2_pushall/chime/sweep_mt16/cache_32MB/leaf_0/range-uniform/on/compute.log,10,6250000,1250002,399.4,2104.0,2503.4,,,both,1,,0,29999988,,2999936435,0.0,0,0,0,0,0.0,0.0,33.43,33.5,37.5,43.5,54.0,2.675,1.675,0.0,0.0,1.0,2.675,1646.4,100.0,13.5,100.0,,,0,1
l2_e2_pushall,e2,push every scan,0,both,1,0.99,16,on,32,16,range-zipf,on,compute,1.1221,29999988,44.50,32.000,0,32,32,0,0.0,/home/apa222/REV/fair/results/l2_e2_pushall/chime/sweep_mt16/cache_32MB/leaf_0/range-zipf/on/compute.log,10,6250000,1250002,399.4,2104.0,2503.4,,,both,1,,0,29999988,,2999947019,0.0,0,0,0,0,0.0,0.0,30.89,31.0,37.0,44.5,53.0,2.3587,1.3587,0.0,0.0,1.0,2.3587,1643.8,100.0,13.55,100.0,,,0,1
l2_e2_pushall,e2,push every scan,0,both,1,0.99,16,on,128,16,range-uniform,on,compute,1.1550,29999988,37.50,128.000,0,128,128,0,0.0,/home/apa222/REV/fair/results/l2_e2_pushall/chime/sweep_mt16/cache_128MB/leaf_0/range-uniform/on/compute.log,10,6250000,1250002,399.4,2104.0,2503.4,,,both,1,,0,29999988,,2999935787,0.0,0,0,0,0,0.0,0.0,30.07,30.0,33.5,37.5,47.0,2.1915,1.1915,0.0,0.0,1.0,2.1915,1642.5,100.0,13.5,100.0,,,0,1
l2_e2_pushall,e2,push every scan,0,both,1,0.99,16,on,128,16,range-zipf,on,compute,1.2263,29999988,36.50,128.000,0,128,128,0,0.0,/home/apa222/REV/fair/results/l2_e2_pushall/chime/sweep_mt16/cache_128MB/leaf_0/range-zipf/on/compute.log,10,6250000,1250002,399.4,2104.0,2503.4,,,both,1,,0,29999988,,2999946918,0.0,0,0,0,0,0.0,0.0,28.36,28.5,32.5,36.5,45.0,2.0795,1.0795,0.0,0.0,1.0,2.0795,1641.6,100.0,13.55,100.0,,,0,1
l2_e2_pushall,e2,push every scan,0,both,1,0.99,16,on,512,16,range-uniform,on,compute,1.2056,29999988,34.00,162.125,0,512,512,0,0.0,/home/apa222/REV/fair/results/l2_e2_pushall/chime/sweep_mt16/cache_512MB/leaf_0/range-uniform/on/compute.log,10,6250000,1250002,399.4,2104.0,2503.4,,,both,1,,0,29999988,,2999936318,0.0,0,0,0,0,0.0,0.0,29.03,29.0,31.0,34.0,40.0,2.0,1.0,0.0,0.0,1.0,2.0,1641.0,100.0,13.5,100.0,,,0,1
l2_e2_pushall,e2,push every scan,0,both,1,0.99,16,on,512,16,range-zipf,on,compute,1.2517,29999988,34.50,162.099,0,512,512,0,0.0,/home/apa222/REV/fair/results/l2_e2_pushall/chime/sweep_mt16/cache_512MB/leaf_0/range-zipf/on/compute.log,10,6250000,1250002,399.4,2104.0,2503.4,,,both,1,,0,29999988,,2999947172,0.0,0,0,0,0,0.0,0.0,27.78,28.0,31.0,34.5,43.5,2.0,1.0,0.0,0.0,1.0,2.0,1641.0,100.0,13.55,100.0,,,0,1
l2_e2_pushmiss,e2,push on a miss + leaf cache,50,both,0,0.99,16,on,32,16,range-uniform,on,compute,0.8325,29999988,77.00,16.000,1,32,16,16,0.0,/home/apa222/REV/fair/results/l2_e2_pushmiss/chime/sweep_mt16/cache_32MB/leaf_1/range-uniform/on/compute.log,10,6250000,1250002,399.4,2104.0,2503.4,,,both,0,,0,29429890,,2999936150,0.0,25725718,3704172,851548,17136948,0.6,4.73,41.99,39.0,55.5,77.0,93.5,2.8317,3.5039,0.0,0.0,0.981,4.4849,1782.8,98.1,13.15,97.38,,,0,1
l2_e2_pushmiss,e2,push on a miss + leaf cache,50,both,0,0.99,16,on,32,16,range-zipf,on,compute,0.8557,29999988,81.50,16.000,1,32,16,16,0.0,/home/apa222/REV/fair/results/l2_e2_pushmiss/chime/sweep_mt16/cache_32MB/leaf_1/range-zipf/on/compute.log,10,6250000,1250002,399.4,2104.0,2503.4,,,both,0,,0,16937596,,2999946838,0.0,12942569,3995027,151588494,29607917,6.04,83.66,41.29,38.0,58.0,81.5,102.5,2.1556,9.0327,0.0,0.0,0.5646,9.5973,1349.0,56.46,13.13,97.2,,,0,1
l2_e2_pushmiss,e2,push on a miss + leaf cache,50,both,0,0.99,16,on,128,16,range-uniform,on,compute,0.6523,29999988,142.00,64.000,1,128,64,64,0.0,/home/apa222/REV/fair/results/l2_e2_pushmiss/chime/sweep_mt16/cache_128MB/leaf_1/range-uniform/on/compute.log,10,6250000,1250002,399.4,2104.0,2503.4,,,both,0,,0,26132980,,2999935929,0.0,12534327,13598653,4479579,87474571,3.07,4.87,53.1,38.5,99.0,142.0,181.0,2.8297,10.4342,0.0,0.0,0.8711,11.3053,2336.4,87.11,11.96,88.57,,,0,1
l2_e2_pushmiss,e2,push on a miss + leaf cache,50,both,0,0.99,16,on,128,16,range-zipf,on,compute,0.6734,29999988,143.00,64.000,1,128,64,64,0.0,/home/apa222/REV/fair/results/l2_e2_pushmiss/chime/sweep_mt16/cache_128MB/leaf_1/range-zipf/on/compute.log,10,6250000,1250002,399.4,2104.0,2503.4,,,both,0,,0,12093787,,2999947130,0.0,4960685,7133102,175764584,84887800,8.69,67.43,51.27,37.5,98.5,143.0,184.5,2.0065,15.0628,0.0,0.0,0.4031,15.466,1706.8,40.31,11.76,86.98,,,0,1
l2_e2_pushmiss,e2,push on a miss + leaf cache,50,both,0,0.99,16,on,512,16,range-uniform,on,compute,0.1764,29999988,497.00,162.125,1,512,256,256,0.0,/home/apa222/REV/fair/results/l2_e2_pushmiss/chime/sweep_mt16/cache_512MB/leaf_1/range-uniform/on/compute.log,10,6250000,1250002,399.4,2104.0,2503.4,,,both,0,,0,0,,2999936252,0.0,0,0,33656194,367580962,13.37,8.39,185.64,169.0,337.0,497.0,618.0,1.5283,37.88,0.0,0.0,0.0,37.88,4466.8,0.0,0.0,0.0,,,0,1
l2_e2_pushmiss,e2,push on a miss + leaf cache,50,both,0,0.99,16,on,512,16,range-zipf,on,compute,0.3480,29999988,345.50,162.100,1,512,256,256,0.0,/home/apa222/REV/fair/results/l2_e2_pushmiss/chime/sweep_mt16/cache_512MB/leaf_1/range-zipf/on/compute.log,10,6250000,1250002,399.4,2104.0,2503.4,,,both,0,,0,3749,,2999946585,0.0,0,3749,213780918,187596928,13.38,53.26,93.7,58.0,206.5,345.5,436.5,1.3759,25.886,0.0,0.0,0.0001,25.8861,2391.2,0.01,9.0,66.4,,,0,1
l2_e2_stock,e2,pull, one read per leaf,0,both,0,0,off,32,1,range-uniform,off,compute,0.0502,29999988,1000.00,32.000,0,32,32,0,0.0,/home/apa222/REV/fair/results/l2_e2_stock/chime/sweep_mt0/cache_32MB/leaf_0/range-uniform/off/compute.log,10,6250000,1250002,399.4,2104.0,2503.4,49.3,1.0,both,0,,0,0,,2999991415,0.0,21121303,7477708,0,39776948,1.33,0.0,699.61,741.0,889.5,1000.0,1000.0,104.0355,143.4547,0.0,0.0,0.0,143.4547,18968.9,0.0,0.0,0.0,,,0,1
l2_e2_stock,e2,pull, one read per leaf,0,both,0,0,off,32,1,range-zipf,off,compute,0.0911,29999988,979.50,32.000,0,32,32,0,0.0,/home/apa222/REV/fair/results/l2_e2_stock/chime/sweep_mt0/cache_32MB/leaf_0/range-zipf/off/compute.log,10,6250000,1250002,399.4,2104.0,2503.4,49.3,1.0,both,0,,0,0,,2999976165,0.0,9472778,5417195,0,214462966,7.15,0.0,385.37,73.0,829.5,979.5,1000.0,60.0112,80.3825,0.0,0.0,0.0,80.3825,12019.1,0.0,0.0,0.0,,,0,1
l2_e2_stock,e2,pull, one read per leaf,0,both,0,0,off,128,1,range-uniform,off,compute,0.1094,29999988,919.00,128.000,0,128,128,0,0.0,/home/apa222/REV/fair/results/l2_e2_stock/chime/sweep_mt0/cache_128MB/leaf_0/range-uniform/off/compute.log,10,6250000,1250002,399.4,2104.0,2503.4,49.2,1.0,both,0,,0,0,,2999958457,0.0,1259336,13847878,0,249224621,8.31,0.0,320.34,124.0,747.5,919.0,1000.0,51.9797,68.5658,0.0,0.0,0.0,68.5658,10832.1,0.0,0.0,0.0,,,0,1
l2_e2_stock,e2,pull, one read per leaf,0,both,0,0,off,128,1,range-zipf,off,compute,0.2240,29999988,815.00,128.000,0,128,128,0,0.0,/home/apa222/REV/fair/results/l2_e2_stock/chime/sweep_mt0/cache_128MB/leaf_0/range-zipf/off/compute.log,10,6250000,1250002,399.4,2104.0,2503.4,49.3,1.0,both,0,,0,0,,2999956418,0.0,456017,5626238,0,341494175,11.38,0.0,156.0,59.5,595.0,815.0,938.0,28.522,35.0459,0.0,0.0,0.0,35.0459,7114.3,0.0,0.0,0.0,,,0,1
l2_e2_stock,e2,pull, one read per leaf,0,both,0,0,off,512,1,range-uniform,off,compute,0.5997,29999988,64.50,162.125,0,512,512,0,0.0,/home/apa222/REV/fair/results/l2_e2_stock/chime/sweep_mt0/cache_512MB/leaf_0/range-uniform/off/compute.log,10,6250000,1250002,399.4,2104.0,2503.4,,,both,0,,0,0,,2999935907,0.0,0,0,0,401239180,13.37,0.0,57.37,57.5,61.5,64.5,73.5,13.3746,13.3746,0.0,0.0,0.0,13.3746,4721.2,0.0,0.0,0.0,,,0,1
l2_e2_stock,e2,pull, one read per leaf,0,both,0,0,off,512,1,range-zipf,off,compute,0.6045,29999988,64.00,162.098,0,512,512,0,0.0,/home/apa222/REV/fair/results/l2_e2_stock/chime/sweep_mt0/cache_512MB/leaf_0/range-zipf/off/compute.log,10,6250000,1250002,399.4,2104.0,2503.4,49.3,1.0,both,0,,0,0,,2999946975,0.0,0,196,0,401406509,13.38,0.0,56.87,57.0,61.0,64.0,72.5,13.3807,13.3809,0.0,0.0,0.0,13.3809,4723.3,0.0,0.0,0.0,,,0,1
l2_e3_both,e3,push both,0,both,1,0.99,16,on,32,16,mixed-uniform,on,compute,1.4215,29999988,46.00,32.000,0,32,32,0,0.0,/home/apa222/REV/fair/results/l2_e3_both/chime/sweep_mt16/cache_32MB/leaf_0/mixed-uniform/on/compute.log,10,6250000,1250002,399.4,2104.0,2503.4,31.5,0.16,both,1,,12600748,15002040,99.9979,1500172877,31.12,0,0,0,0,0.0,0.0,24.17,28.0,38.0,46.0,52.5,2.1541,1.2689,0.0,0.0,0.9201,2.189,856.2,92.01,13.5,100.0,,,0,1
l2_e3_both,e3,push both,0,both,1,0.99,16,on,32,16,mixed-zipf,on,compute,1.6499,29999988,44.00,32.000,0,32,32,0,0.0,/home/apa222/REV/fair/results/l2_e3_both/chime/sweep_mt16/cache_32MB/leaf_0/mixed-zipf/on/compute.log,10,6250000,1250002,399.4,2104.0,2503.4,64.8,0.569,both,1,,6296256,15002040,99.9981,1500177792,64.67,0,0,0,0,0.0,0.0,20.91,24.5,36.0,44.0,51.5,1.8272,1.2271,0.0,0.0,0.7099,1.937,878.6,70.99,13.55,100.0,,,0,1
l2_e3_both,e3,push both,0,both,1,0.99,16,on,128,16,mixed-uniform,on,compute,1.6896,29999988,42.00,128.000,0,128,128,0,0.0,/home/apa222/REV/fair/results/l2_e3_both/chime/sweep_mt16/cache_128MB/leaf_0/mixed-uniform/on/compute.log,10,6250000,1250002,399.4,2104.0,2503.4,80.3,0.759,both,1,,3611872,15002040,99.998,1500172344,80.27,0,0,0,0,0.0,0.0,20.46,26.5,35.0,42.0,47.5,1.6914,1.2368,0.0,0.0,0.6205,1.8573,889.5,62.05,13.5,100.0,,,0,1
l2_e3_both,e3,push both,0,both,1,0.99,16,on,128,16,mixed-zipf,on,compute,1.8458,29999988,39.50,128.000,0,128,128,0,0.0,/home/apa222/REV/fair/results/l2_e3_both/chime/sweep_mt16/cache_128MB/leaf_0/mixed-zipf/on/compute.log,10,6250000,1250002,399.4,2104.0,2503.4,92.2,0.893,both,1,,1408231,15002040,99.9982,1500177989,92.21,0,0,0,0,0.0,0.0,18.65,23.5,33.0,39.5,45.0,1.5681,1.2023,0.0,0.0,0.547,1.7493,896.5,54.7,13.55,100.0,,,0,1
l2_e3_both,e3,push both,0,both,1,0.99,16,on,512,16,mixed-uniform,on,compute,1.7831,29999988,40.50,162.125,0,512,512,0,0.0,/home/apa222/REV/fair/results/l2_e3_both/chime/sweep_mt16/cache_512MB/leaf_0/mixed-uniform/on/compute.log,10,6250000,1250002,399.4,2104.0,2503.4,100.0,1.0,both,1,,0,15002040,99.9978,1500172966,100.0,0,0,0,0,0.0,0.0,19.43,26.5,33.5,40.5,46.0,1.5001,1.2187,0.0,0.0,0.5001,1.7188,902.8,50.01,13.5,100.0,,,0,1
l2_e3_both,e3,push both,0,both,1,0.99,16,on,512,16,mixed-zipf,on,compute,1.9163,29999988,38.50,161.807,0,512,512,0,0.0,/home/apa222/REV/fair/results/l2_e3_both/chime/sweep_mt16/cache_512MB/leaf_0/mixed-zipf/on/compute.log,10,6250000,1250002,399.4,2104.0,2503.4,100.0,0.985,both,1,,8037,15002040,99.9983,1500178210,99.95,0,0,0,0,0.0,0.0,18.01,23.0,32.0,38.5,43.5,1.4934,1.1946,0.0,0.0,0.5003,1.6949,901.6,50.03,13.55,100.0,,,0,1
l2_e3_lookups,e3,push lookups only,0,lookup,0,0.99,16,on,32,16,mixed-uniform,on,compute,0.0720,29999988,1000.00,32.000,0,32,32,0,0.0,/home/apa222/REV/fair/results/l2_e3_lookups/chime/sweep_mt16/cache_32MB/leaf_0/mixed-uniform/on/compute.log,10,6250000,1250002,399.4,2104.0,2503.4,12.4,0.077,lookup,0,,1272803288,0,99.9981,1500201704,31.04,10439148,3959442,0,18333222,1.22,0.0,438.58,61.0,1000.0,1000.0,1000.0,79.6754,38.7958,0.0,0.0,42.4268,81.2226,2802.2,90.0,0.0,0.0,,,0,1
l2_e3_lookups,e3,push lookups only,0,lookup,0,0.99,16,on,32,16,mixed-zipf,on,compute,0.1400,29999988,1000.00,32.000,0,32,32,0,0.0,/home/apa222/REV/fair/results/l2_e3_lookups/chime/sweep_mt16/cache_32MB/leaf_0/mixed-zipf/on/compute.log,10,6250000,1250002,399.4,2104.0,2503.4,15.7,0.152,lookup,0,,596690907,0,99.9983,1500191989,65.09,4645235,2770925,0,108683934,7.24,0.0,232.75,54.0,1000.0,1000.0,1000.0,42.4986,24.148,0.0,0.0,19.8897,44.0377,2802.5,45.69,0.0,0.0,,,0,1
l2_e3_lookups,e3,push lookups only,0,lookup,0,0.99,16,on,128,16,mixed-uniform,on,compute,0.1835,29999988,1000.00,128.000,0,128,128,0,0.0,/home/apa222/REV/fair/results/l2_e3_lookups/chime/sweep_mt16/cache_128MB/leaf_0/mixed-uniform/on/compute.log,10,6250000,1250002,399.4,2104.0,2503.4,25.1,0.383,lookup,0,,364651764,0,99.9981,1500183019,80.28,573672,7091949,0,123716709,8.25,0.0,186.97,56.5,739.0,1000.0,1000.0,33.4663,24.607,0.0,0.0,12.1551,36.762,3271.1,37.59,0.0,0.0,,,0,1
l2_e3_lookups,e3,push lookups only,0,lookup,0,0.99,16,on,128,16,mixed-zipf,on,compute,0.3760,29999988,908.00,128.000,0,128,128,0,0.0,/home/apa222/REV/fair/results/l2_e3_lookups/chime/sweep_mt16/cache_128MB/leaf_0/mixed-zipf/on/compute.log,10,6250000,1250002,399.4,2104.0,2503.4,27.2,0.418,lookup,0,,140664699,0,99.9981,1500182701,92.25,216548,2892909,0,170370104,11.36,0.0,91.64,50.0,123.5,908.0,1000.0,17.4561,14.2284,0.0,0.0,4.6888,18.9172,2781.9,15.06,0.0,0.0,,,0,1
l2_e3_lookups,e3,push lookups only,0,lookup,0,0.99,16,on,512,16,mixed-uniform,on,compute,1.0158,29999988,68.50,162.125,0,512,512,0,0.0,/home/apa222/REV/fair/results/l2_e3_lookups/chime/sweep_mt16/cache_512MB/leaf_0/mixed-uniform/on/compute.log,10,6250000,1250002,399.4,2104.0,2503.4,100.0,1.0,lookup,0,,0,0,99.9981,1500172281,100.0,0,0,0,200649069,13.37,0.0,34.11,54.0,64.0,68.5,76.5,7.1882,7.4069,0.0,0.0,0.0,7.4069,2443.2,0.0,0.0,0.0,,,0,1
l2_e3_lookups,e3,push lookups only,0,lookup,0,0.99,16,on,512,16,mixed-zipf,on,compute,1.0297,29999988,67.50,161.802,0,512,512,0,0.0,/home/apa222/REV/fair/results/l2_e3_lookups/chime/sweep_mt16/cache_512MB/leaf_0/mixed-zipf/on/compute.log,10,6250000,1250002,399.4,2104.0,2503.4,86.0,0.938,lookup,0,,943609,0,99.9981,1500178149,99.95,34,27085,0,200496752,13.36,0.0,33.4,48.5,62.5,67.5,86.5,7.2651,7.4478,0.0,0.0,0.0315,7.4793,2446.9,0.12,0.0,0.0,,,0,1
l2_e3_pull,e3,pull everything,0,both,0,0.99,0,off,32,1,mixed-uniform,off,compute,0.0821,29999988,1000.00,32.000,0,32,32,0,0.0,/home/apa222/REV/fair/results/l2_e3_pull/chime/sweep_mt0/cache_32MB/leaf_0/mixed-uniform/off/compute.log,10,6250000,1250002,399.4,2104.0,2503.4,49.2,1.0,both,0,,0,0,99.998,1500200052,31.08,10430974,3977534,0,18176301,1.21,0.0,428.2,183.5,905.5,1000.0,1000.0,56.3632,76.4848,0.0,0.0,0.0,76.4848,10620.4,0.0,0.0,0.0,,,0,1
l2_e3_pull,e3,pull everything,0,both,0,0.99,0,off,32,1,mixed-zipf,off,compute,0.1539,29999988,1000.00,32.000,0,32,32,0,0.0,/home/apa222/REV/fair/results/l2_e3_pull/chime/sweep_mt0/cache_32MB/leaf_0/mixed-zipf/off/compute.log,10,6250000,1250002,399.4,2104.0,2503.4,49.5,1.0,both,0,,0,0,99.9982,1500192222,65.12,4620219,2788966,0,108774176,7.25,0.0,227.79,63.0,805.5,1000.0,1000.0,31.8781,42.1057,0.0,0.0,0.0,42.1057,6538.3,0.0,0.0,0.0,,,0,1
l2_e3_pull,e3,pull everything,0,both,0,0.99,0,off,128,1,mixed-uniform,off,compute,0.1845,29999988,963.00,128.000,0,128,128,0,0.0,/home/apa222/REV/fair/results/l2_e3_pull/chime/sweep_mt0/cache_128MB/leaf_0/mixed-uniform/off/compute.log,10,6250000,1250002,399.4,2104.0,2503.4,49.6,1.0,both,0,,0,0,99.9981,1500184662,80.19,555705,7144480,0,123395818,8.23,0.0,189.55,60.0,715.5,963.0,1000.0,27.7758,36.424,0.0,0.0,0.0,36.424,5828.1,0.0,0.0,0.0,,,0,1
l2_e3_pull,e3,pull everything,0,both,0,0.99,0,off,128,1,mixed-zipf,off,compute,0.3982,29999988,792.50,128.000,0,128,128,0,0.0,/home/apa222/REV/fair/results/l2_e3_pull/chime/sweep_mt0/cache_128MB/leaf_0/mixed-zipf/off/compute.log,10,6250000,1250002,399.4,2104.0,2503.4,50.6,1.0,both,0,,0,0,99.9983,1500182763,92.3,206326,2886709,0,170733829,11.38,0.0,87.84,54.0,168.0,792.5,941.5,15.1676,18.6384,0.0,0.0,0.0,18.6384,3755.2,0.0,0.0,0.0,,,0,1
l2_e3_pull,e3,pull everything,0,both,0,0.99,0,off,512,1,mixed-uniform,off,compute,1.0595,29999988,66.00,162.125,0,512,512,0,0.0,/home/apa222/REV/fair/results/l2_e3_pull/chime/sweep_mt0/cache_512MB/leaf_0/mixed-uniform/off/compute.log,10,6250000,1250002,399.4,2104.0,2503.4,100.0,1.0,both,0,,0,0,99.9981,1500172050,100.0,0,0,0,200645117,13.37,0.0,32.88,52.5,61.5,66.0,72.5,7.1881,7.4068,0.0,0.0,0.0,7.4068,2443.2,0.0,0.0,0.0,,,0,1
l2_e3_pull,e3,pull everything,0,both,0,0.99,0,off,512,1,mixed-zipf,off,compute,1.0761,29999988,65.00,161.798,0,512,512,0,0.0,/home/apa222/REV/fair/results/l2_e3_pull/chime/sweep_mt0/cache_512MB/leaf_0/mixed-zipf/off/compute.log,10,6250000,1250002,399.4,2104.0,2503.4,99.2,0.992,both,0,,0,0,99.9983,1500178169,100.0,0,1838,0,200714519,13.38,0.0,32.2,48.5,61.0,65.0,72.5,7.1913,7.3951,0.0,0.0,0.0,7.3951,2444.2,0.0,0.0,0.0,,,0,1
l2_e3_scans,e3,push scans only,0,scan,1,0.99,16,on,32,16,mixed-uniform,on,compute,0.5194,29999988,205.00,32.000,0,32,32,0,0.0,/home/apa222/REV/fair/results/l2_e3_scans/chime/sweep_mt16/cache_32MB/leaf_0/mixed-uniform/on/compute.log,10,6250000,1250002,399.4,2104.0,2503.4,34.5,1.0,scan,1,,0,15002040,99.9982,1500172240,34.06,0,0,0,0,0.0,0.0,67.09,35.0,157.0,205.0,239.5,5.0866,4.8052,0.0,0.0,0.5001,5.3053,1854.2,50.01,13.5,100.0,,,0,1
l2_e3_scans,e3,push scans only,0,scan,1,0.99,16,on,32,16,mixed-zipf,on,compute,0.9729,29999988,160.50,32.000,0,32,32,0,0.0,/home/apa222/REV/fair/results/l2_e3_scans/chime/sweep_mt16/cache_32MB/leaf_0/mixed-zipf/on/compute.log,10,6250000,1250002,399.4,2104.0,2503.4,70.5,0.992,scan,1,,0,15002040,99.9982,1500177912,70.38,0,0,0,0,0.0,0.0,35.94,27.5,107.5,160.5,193.0,3.0951,2.797,0.0,0.0,0.5001,3.2971,1326.1,50.01,13.55,100.0,,,0,1
l2_e3_scans,e3,push scans only,0,scan,1,0.99,16,on,128,16,mixed-uniform,on,compute,1.2273,29999988,120.50,128.000,0,128,128,0,0.0,/home/apa222/REV/fair/results/l2_e3_scans/chime/sweep_mt16/cache_128MB/leaf_0/mixed-uniform/on/compute.log,10,6250000,1250002,399.4,2104.0,2503.4,80.1,1.0,scan,1,,0,15002040,99.9979,1500173019,80.02,0,0,0,0,0.0,0.0,28.53,28.5,44.5,120.5,141.0,2.5932,2.312,0.0,0.0,0.5001,2.8121,1191.2,50.01,13.5,100.0,,,0,1
l2_e3_scans,e3,push scans only,0,scan,1,0.99,16,on,128,16,mixed-zipf,on,compute,1.6918,29999988,93.50,128.000,0,128,128,0,0.0,/home/apa222/REV/fair/results/l2_e3_scans/chime/sweep_mt16/cache_128MB/leaf_0/mixed-zipf/on/compute.log,10,6250000,1250002,399.4,2104.0,2503.4,93.2,0.989,scan,1,,0,15002040,99.9981,1500177980,93.19,0,0,0,0,0.0,0.0,20.58,25.0,33.0,93.5,110.0,1.8623,1.5639,0.0,0.0,0.5001,2.064,999.0,50.01,13.55,100.0,,,0,1
l2_e3_scans,e3,push scans only,0,scan,1,0.99,16,on,512,16,mixed-uniform,on,compute,1.8172,29999988,40.00,162.125,0,512,512,0,0.0,/home/apa222/REV/fair/results/l2_e3_scans/chime/sweep_mt16/cache_512MB/leaf_0/mixed-uniform/on/compute.log,10,6250000,1250002,399.4,2104.0,2503.4,100.0,1.0,scan,1,,0,15002040,99.998,1500172614,100.0,0,0,0,0,0.0,0.0,19.07,26.0,33.5,40.0,45.5,1.5001,1.2187,0.0,0.0,0.5001,1.7188,902.8,50.01,13.5,100.0,,,0,1
l2_e3_scans,e3,push scans only,0,scan,1,0.99,16,on,512,16,mixed-zipf,on,compute,1.9101,29999988,38.50,161.802,0,512,512,0,0.0,/home/apa222/REV/fair/results/l2_e3_scans/chime/sweep_mt16/cache_512MB/leaf_0/mixed-zipf/on/compute.log,10,6250000,1250002,399.4,2104.0,2503.4,100.0,0.987,scan,1,,0,15002040,99.9983,1500178379,99.99,0,0,0,0,0.0,0.0,18.12,22.5,32.0,38.5,43.5,1.4943,1.1958,0.0,0.0,0.5001,1.6959,901.9,50.01,13.55,100.0,,,0,1
l2_e4_stock,e4,stock CHIME (inner nodes only),0,both,0,0.99,0,off,16,1,point-uniform,off,compute,0.2548,29999988,302.50,16.000,0,16,16,0,0.0,/home/apa222/REV/fair/results/l2_e4_stock/chime/sweep_mt0/cache_16MB/leaf_0/point-uniform/off/compute.log,10,6250000,1250002,399.4,2104.0,2503.4,45.2,1.0,both,0,,0,0,99.998,,44.28,,,,,,,139.61,121.5,247.0,302.5,343.5,6.4805,6.9178,0.0,0.0,0.0,6.9178,1768.0,0.0,0.0,0.0,,,0,1
l2_e4_stock,e4,stock CHIME (inner nodes only),0,both,0,0.99,0,off,16,1,point-zipf,off,compute,0.4760,29999988,295.50,16.000,0,16,16,0,0.0,/home/apa222/REV/fair/results/l2_e4_stock/chime/sweep_mt0/cache_16MB/leaf_0/point-zipf/off/compute.log,10,6250000,1250002,399.4,2104.0,2503.4,70.9,0.986,both,0,,0,0,99.9982,,70.49,,,,,,,73.47,14.5,223.0,295.5,345.0,3.8561,4.2596,0.0,0.0,0.0,4.2596,999.5,0.0,0.0,0.0,,,0,1
l2_e4_stock,e4,stock CHIME (inner nodes only),0,both,0,0.99,0,off,16,1,range-uniform,off,compute,0.0453,29999988,1000.00,16.000,0,16,16,0,0.0,/home/apa222/REV/fair/results/l2_e4_stock/chime/sweep_mt0/cache_16MB/leaf_0/range-uniform/off/compute.log,10,6250000,1250002,399.4,2104.0,2503.4,49.4,1.0,both,0,,0,0,,2999993935,0.0,25720686,3708843,0,17985137,0.6,0.0,777.4,796.5,952.5,1000.0,1000.0,108.4507,150.2359,0.0,0.0,0.0,150.2359,19541.1,0.0,0.0,0.0,,,0,1
l2_e4_stock,e4,stock CHIME (inner nodes only),0,both,0,0.99,0,off,16,1,range-zipf,off,compute,0.0774,29999988,1000.00,16.000,0,16,16,0,0.0,/home/apa222/REV/fair/results/l2_e4_stock/chime/sweep_mt0/cache_16MB/leaf_0/range-zipf/off/compute.log,10,6250000,1250002,399.4,2104.0,2503.4,49.4,1.0,both,0,,0,0,,2999981292,0.0,12965283,4002720,0,180909425,6.03,0.0,455.39,637.5,869.0,1000.0,1000.0,67.8948,91.9202,0.0,0.0,0.0,91.9202,13194.9,0.0,0.0,0.0,,,0,1
l2_e4_stock,e4,stock CHIME (inner nodes only),0,both,0,0.99,0,off,32,1,point-uniform,off,compute,0.3067,29999988,273.00,32.000,0,32,32,0,0.0,/home/apa222/REV/fair/results/l2_e4_stock/chime/sweep_mt0/cache_32MB/leaf_0/point-uniform/off/compute.log,10,6250000,1250002,399.4,2104.0,2503.4,52.0,1.0,both,0,,0,0,99.9981,,51.27,,,,,,,116.25,79.5,227.0,273.0,307.0,5.8041,6.2416,0.0,0.0,0.0,6.2416,1567.0,0.0,0.0,0.0,,,0,1
l2_e4_stock,e4,stock CHIME (inner nodes only),0,both,0,0.99,0,off,32,1,point-zipf,off,compute,0.6230,29999988,265.50,32.000,0,32,32,0,0.0,/home/apa222/REV/fair/results/l2_e4_stock/chime/sweep_mt0/cache_32MB/leaf_0/point-zipf/off/compute.log,10,6250000,1250002,399.4,2104.0,2503.4,77.0,0.985,both,0,,0,0,99.9981,,76.78,,,,,,,56.7,13.0,203.0,265.5,308.0,3.247,3.65,0.0,0.0,0.0,3.65,820.3,0.0,0.0,0.0,,,0,1
l2_e4_stock,e4,stock CHIME (inner nodes only),0,both,0,0.99,0,off,32,1,range-uniform,off,compute,0.0496,29999988,1000.00,32.000,0,32,32,0,0.0,/home/apa222/REV/fair/results/l2_e4_stock/chime/sweep_mt0/cache_32MB/leaf_0/range-uniform/off/compute.log,10,6250000,1250002,399.4,2104.0,2503.4,49.3,1.0,both,0,,0,0,,2999991570,0.0,21121382,7481672,0,39748082,1.32,0.0,708.4,749.5,906.0,1000.0,1000.0,104.0449,143.4674,0.0,0.0,0.0,143.4674,18970.7,0.0,0.0,0.0,,,0,1
l2_e4_stock,e4,stock CHIME (inner nodes only),0,both,0,0.99,0,off,32,1,range-zipf,off,compute,0.0900,29999988,988.00,32.000,0,32,32,0,0.0,/home/apa222/REV/fair/results/l2_e4_stock/chime/sweep_mt0/cache_32MB/leaf_0/range-zipf/off/compute.log,10,6250000,1250002,399.4,2104.0,2503.4,49.3,1.0,both,0,,0,0,,2999976669,0.0,9473253,5418022,0,214446507,7.15,0.0,389.32,73.5,838.0,988.0,1000.0,60.0154,80.3892,0.0,0.0,0.0,80.3892,12019.6,0.0,0.0,0.0,,,0,1
l2_e4_stock,e4,stock CHIME (inner nodes only),0,both,0,0.99,0,off,64,1,point-uniform,off,compute,0.4058,29999988,254.50,64.000,0,64,64,0,0.0,/home/apa222/REV/fair/results/l2_e4_stock/chime/sweep_mt0/cache_64MB/leaf_0/point-uniform/off/compute.log,10,6250000,1250002,399.4,2104.0,2503.4,62.6,1.0,both,0,,0,0,99.9981,,62.17,,,,,,,87.44,55.0,212.0,254.5,288.0,4.7409,5.1782,0.0,0.0,0.0,5.1782,1253.4,0.0,0.0,0.0,,,0,1
l2_e4_stock,e4,stock CHIME (inner nodes only),0,both,0,0.99,0,off,64,1,point-zipf,off,compute,0.9161,29999988,229.50,64.000,0,64,64,0,0.0,/home/apa222/REV/fair/results/l2_e4_stock/chime/sweep_mt0/cache_64MB/leaf_0/point-zipf/off/compute.log,10,6250000,1250002,399.4,2104.0,2503.4,84.0,0.98,both,0,,0,0,99.9983,,83.88,,,,,,,38.8,11.5,172.5,229.5,265.5,2.5482,2.9507,0.0,0.0,0.0,2.9507,616.1,0.0,0.0,0.0,,,0,1
