block,part,arm,leaf_pct,push,memthreads,theta,workload,cache_mb,level,hits,misses,hit_pct
l2_e1_leaf0,e1,leaf 0%,0,off,0,0.99,point-uniform,64,0,0,29999967,0.0
l2_e1_leaf0,e1,leaf 0%,0,off,0,0.99,point-uniform,64,1,8934582,21065385,29.782
l2_e1_leaf0,e1,leaf 0%,0,off,0,0.99,point-uniform,64,2,19440604,10559363,64.802
l2_e1_leaf0,e1,leaf 0%,0,off,0,0.99,point-uniform,64,3,19906267,10093700,66.354
l2_e1_leaf0,e1,leaf 0%,0,off,0,0.99,point-uniform,64,4,19925712,10074255,66.419
l2_e1_leaf0,e1,leaf 0%,0,off,0,0.99,point-uniform,64,5,19926153,10073814,66.421
l2_e1_leaf0,e1,leaf 0%,0,off,0,0.99,point-uniform,64,6,19926154,10073813,66.421
l2_e1_leaf0,e1,leaf 0%,0,off,0,0.99,point-uniform,64,7,19926154,10073813,66.421
l2_e1_leaf0,e1,leaf 0%,0,off,0,0.99,point-uniform,64,8,19926154,10073813,66.421
l2_e1_leaf0,e1,leaf 0%,0,off,0,0.99,point-uniform,64,9,19926154,10073813,66.421
l2_e1_leaf0,e1,leaf 0%,0,off,0,0.99,point-zipf,64,0,0,29447035,0.0
l2_e1_leaf0,e1,leaf 0%,0,off,0,0.99,point-zipf,64,1,22068019,7379016,74.941
l2_e1_leaf0,e1,leaf 0%,0,off,0,0.99,point-zipf,64,2,24781778,4665257,84.157
l2_e1_leaf0,e1,leaf 0%,0,off,0,0.99,point-zipf,64,3,25057235,4389800,85.093
l2_e1_leaf0,e1,leaf 0%,0,off,0,0.99,point-zipf,64,4,25067975,4379060,85.129
l2_e1_leaf0,e1,leaf 0%,0,off,0,0.99,point-zipf,64,5,25068174,4378861,85.13
l2_e1_leaf0,e1,leaf 0%,0,off,0,0.99,point-zipf,64,6,25068174,4378861,85.13
l2_e1_leaf0,e1,leaf 0%,0,off,0,0.99,point-zipf,64,7,25068174,4378861,85.13
l2_e1_leaf0,e1,leaf 0%,0,off,0,0.99,point-zipf,64,8,25068174,4378861,85.13
l2_e1_leaf0,e1,leaf 0%,0,off,0,0.99,point-zipf,64,9,25068174,4378861,85.13
l2_e1_leaf0,e1,leaf 0%,0,off,0,0.99,point-uniform,128,0,0,29999967,0.0
l2_e1_leaf0,e1,leaf 0%,0,off,0,0.99,point-uniform,128,1,22686545,7313422,75.622
l2_e1_leaf0,e1,leaf 0%,0,off,0,0.99,point-uniform,128,2,24213282,5786685,80.711
l2_e1_leaf0,e1,leaf 0%,0,off,0,0.99,point-uniform,128,3,24282068,5717899,80.94
l2_e1_leaf0,e1,leaf 0%,0,off,0,0.99,point-uniform,128,4,24283597,5716370,80.945
l2_e1_leaf0,e1,leaf 0%,0,off,0,0.99,point-uniform,128,5,24283608,5716359,80.945
l2_e1_leaf0,e1,leaf 0%,0,off,0,0.99,point-uniform,128,6,24283608,5716359,80.945
l2_e1_leaf0,e1,leaf 0%,0,off,0,0.99,point-uniform,128,7,24283608,5716359,80.945
l2_e1_leaf0,e1,leaf 0%,0,off,0,0.99,point-uniform,128,8,24283608,5716359,80.945
l2_e1_leaf0,e1,leaf 0%,0,off,0,0.99,point-uniform,128,9,24283608,5716359,80.945
l2_e1_leaf0,e1,leaf 0%,0,off,0,0.99,point-zipf,128,0,0,29009264,0.0
l2_e1_leaf0,e1,leaf 0%,0,off,0,0.99,point-zipf,128,1,26900234,2109030,92.73
l2_e1_leaf0,e1,leaf 0%,0,off,0,0.99,point-zipf,128,2,27337644,1671620,94.238
l2_e1_leaf0,e1,leaf 0%,0,off,0,0.99,point-zipf,128,3,27354767,1654497,94.297
l2_e1_leaf0,e1,leaf 0%,0,off,0,0.99,point-zipf,128,4,27355076,1654188,94.298
l2_e1_leaf0,e1,leaf 0%,0,off,0,0.99,point-zipf,128,5,27355077,1654187,94.298
l2_e1_leaf0,e1,leaf 0%,0,off,0,0.99,point-zipf,128,6,27355077,1654187,94.298
l2_e1_leaf0,e1,leaf 0%,0,off,0,0.99,point-zipf,128,7,27355077,1654187,94.298
l2_e1_leaf0,e1,leaf 0%,0,off,0,0.99,point-zipf,128,8,27355077,1654187,94.298
l2_e1_leaf0,e1,leaf 0%,0,off,0,0.99,point-zipf,128,9,27355077,1654187,94.298
l2_e1_leaf0,e1,leaf 0%,0,off,0,0.99,point-uniform,256,0,0,29999969,0.0
l2_e1_leaf0,e1,leaf 0%,0,off,0,0.99,point-uniform,256,1,29999911,58,100.0
l2_e1_leaf0,e1,leaf 0%,0,off,0,0.99,point-uniform,256,2,29999916,53,100.0
l2_e1_leaf0,e1,leaf 0%,0,off,0,0.99,point-uniform,256,3,29999916,53,100.0
l2_e1_leaf0,e1,leaf 0%,0,off,0,0.99,point-uniform,256,4,29999916,53,100.0
l2_e1_leaf0,e1,leaf 0%,0,off,0,0.99,point-uniform,256,5,29999916,53,100.0
l2_e1_leaf0,e1,leaf 0%,0,off,0,0.99,point-uniform,256,6,29999916,53,100.0
l2_e1_leaf0,e1,leaf 0%,0,off,0,0.99,point-uniform,256,7,29999916,53,100.0
l2_e1_leaf0,e1,leaf 0%,0,off,0,0.99,point-uniform,256,8,29999916,53,100.0
l2_e1_leaf0,e1,leaf 0%,0,off,0,0.99,point-uniform,256,9,29999916,53,100.0
l2_e1_leaf0,e1,leaf 0%,0,off,0,0.99,point-zipf,256,0,0,28459381,0.0
l2_e1_leaf0,e1,leaf 0%,0,off,0,0.99,point-zipf,256,1,28394925,64456,99.774
l2_e1_leaf0,e1,leaf 0%,0,off,0,0.99,point-zipf,256,2,28406049,53332,99.813
l2_e1_leaf0,e1,leaf 0%,0,off,0,0.99,point-zipf,256,3,28406049,53332,99.813
l2_e1_leaf0,e1,leaf 0%,0,off,0,0.99,point-zipf,256,4,28406049,53332,99.813
l2_e1_leaf0,e1,leaf 0%,0,off,0,0.99,point-zipf,256,5,28406049,53332,99.813
l2_e1_leaf0,e1,leaf 0%,0,off,0,0.99,point-zipf,256,6,28406049,53332,99.813
l2_e1_leaf0,e1,leaf 0%,0,off,0,0.99,point-zipf,256,7,28406049,53332,99.813
l2_e1_leaf0,e1,leaf 0%,0,off,0,0.99,point-zipf,256,8,28406049,53332,99.813
l2_e1_leaf0,e1,leaf 0%,0,off,0,0.99,point-zipf,256,9,28406049,53332,99.813
l2_e1_leaf0,e1,leaf 0%,0,off,0,0.99,point-uniform,512,0,0,29999971,0.0
l2_e1_leaf0,e1,leaf 0%,0,off,0,0.99,point-uniform,512,1,29999890,81,100.0
l2_e1_leaf0,e1,leaf 0%,0,off,0,0.99,point-uniform,512,2,29999903,68,100.0
l2_e1_leaf0,e1,leaf 0%,0,off,0,0.99,point-uniform,512,3,29999903,68,100.0
l2_e1_leaf0,e1,leaf 0%,0,off,0,0.99,point-uniform,512,4,29999903,68,100.0
l2_e1_leaf0,e1,leaf 0%,0,off,0,0.99,point-uniform,512,5,29999903,68,100.0
l2_e1_leaf0,e1,leaf 0%,0,off,0,0.99,point-uniform,512,6,29999903,68,100.0
l2_e1_leaf0,e1,leaf 0%,0,off,0,0.99,point-uniform,512,7,29999903,68,100.0
l2_e1_leaf0,e1,leaf 0%,0,off,0,0.99,point-uniform,512,8,29999903,68,100.0
l2_e1_leaf0,e1,leaf 0%,0,off,0,0.99,point-uniform,512,9,29999903,68,100.0
l2_e1_leaf0,e1,leaf 0%,0,off,0,0.99,point-zipf,512,0,0,28307385,0.0
l2_e1_leaf0,e1,leaf 0%,0,off,0,0.99,point-zipf,512,1,28242820,64565,99.772
l2_e1_leaf0,e1,leaf 0%,0,off,0,0.99,point-zipf,512,2,28253880,53505,99.811
l2_e1_leaf0,e1,leaf 0%,0,off,0,0.99,point-zipf,512,3,28253880,53505,99.811
l2_e1_leaf0,e1,leaf 0%,0,off,0,0.99,point-zipf,512,4,28253880,53505,99.811
l2_e1_leaf0,e1,leaf 0%,0,off,0,0.99,point-zipf,512,5,28253880,53505,99.811
l2_e1_leaf0,e1,leaf 0%,0,off,0,0.99,point-zipf,512,6,28253880,53505,99.811
l2_e1_leaf0,e1,leaf 0%,0,off,0,0.99,point-zipf,512,7,28253880,53505,99.811
l2_e1_leaf0,e1,leaf 0%,0,off,0,0.99,point-zipf,512,8,28253880,53505,99.811
l2_e1_leaf0,e1,leaf 0%,0,off,0,0.99,point-zipf,512,9,28253880,53505,99.811
l2_e1_leaf0,e1,leaf 0%,0,off,0,0.99,point-uniform,1024,0,0,29999968,0.0
l2_e1_leaf0,e1,leaf 0%,0,off,0,0.99,point-uniform,1024,1,29999897,71,100.0
l2_e1_leaf0,e1,leaf 0%,0,off,0,0.99,point-uniform,1024,2,29999908,60,100.0
l2_e1_leaf0,e1,leaf 0%,0,off,0,0.99,point-uniform,1024,3,29999908,60,100.0
l2_e1_leaf0,e1,leaf 0%,0,off,0,0.99,point-uniform,1024,4,29999908,60,100.0
l2_e1_leaf0,e1,leaf 0%,0,off,0,0.99,point-uniform,1024,5,29999908,60,100.0
l2_e1_leaf0,e1,leaf 0%,0,off,0,0.99,point-uniform,1024,6,29999908,60,100.0
l2_e1_leaf0,e1,leaf 0%,0,off,0,0.99,point-uniform,1024,7,29999908,60,100.0
l2_e1_leaf0,e1,leaf 0%,0,off,0,0.99,point-uniform,1024,8,29999908,60,100.0
l2_e1_leaf0,e1,leaf 0%,0,off,0,0.99,point-uniform,1024,9,29999908,60,100.0
l2_e1_leaf0,e1,leaf 0%,0,off,0,0.99,point-zipf,1024,0,0,28430325,0.0
l2_e1_leaf0,e1,leaf 0%,0,off,0,0.99,point-zipf,1024,1,28365540,64785,99.772
l2_e1_leaf0,e1,leaf 0%,0,off,0,0.99,point-zipf,1024,2,28376786,53539,99.812
l2_e1_leaf0,e1,leaf 0%,0,off,0,0.99,point-zipf,1024,3,28376786,53539,99.812
l2_e1_leaf0,e1,leaf 0%,0,off,0,0.99,point-zipf,1024,4,28376786,53539,99.812
l2_e1_leaf0,e1,leaf 0%,0,off,0,0.99,point-zipf,1024,5,28376786,53539,99.812
l2_e1_leaf0,e1,leaf 0%,0,off,0,0.99,point-zipf,1024,6,28376786,53539,99.812
l2_e1_leaf0,e1,leaf 0%,0,off,0,0.99,point-zipf,1024,7,28376786,53539,99.812
l2_e1_leaf0,e1,leaf 0%,0,off,0,0.99,point-zipf,1024,8,28376786,53539,99.812
l2_e1_leaf0,e1,leaf 0%,0,off,0,0.99,point-zipf,1024,9,28376786,53539,99.812
l2_e1_leaf0,e1,leaf 0%,0,on,16,0.99,point-uniform,64,0,0,29999973,0.0
l2_e1_leaf0,e1,leaf 0%,0,on,16,0.99,point-uniform,64,1,8942958,21057015,29.81
l2_e1_leaf0,e1,leaf 0%,0,on,16,0.99,point-uniform,64,2,19247526,10752447,64.158
l2_e1_leaf0,e1,leaf 0%,0,on,16,0.99,point-uniform,64,3,19725534,10274439,65.752
l2_e1_leaf0,e1,leaf 0%,0,on,16,0.99,point-uniform,64,4,19745498,10254475,65.818
l2_e1_leaf0,e1,leaf 0%,0,on,16,0.99,point-uniform,64,5,19746178,10253795,65.821
l2_e1_leaf0,e1,leaf 0%,0,on,16,0.99,point-uniform,64,6,19746178,10253795,65.821
l2_e1_leaf0,e1,leaf 0%,0,on,16,0.99,point-uniform,64,7,19746178,10253795,65.821
l2_e1_leaf0,e1,leaf 0%,0,on,16,0.99,point-uniform,64,8,19746178,10253795,65.821
l2_e1_leaf0,e1,leaf 0%,0,on,16,0.99,point-uniform,64,9,19746178,10253795,65.821
l2_e1_leaf0,e1,leaf 0%,0,on,16,0.99,point-zipf,64,0,0,28516551,0.0
l2_e1_leaf0,e1,leaf 0%,0,on,16,0.99,point-zipf,64,1,21095927,7420624,73.978
l2_e1_leaf0,e1,leaf 0%,0,on,16,0.99,point-zipf,64,2,23759618,4756933,83.319
l2_e1_leaf0,e1,leaf 0%,0,on,16,0.99,point-zipf,64,3,24052842,4463709,84.347
l2_e1_leaf0,e1,leaf 0%,0,on,16,0.99,point-zipf,64,4,24065188,4451363,84.39
l2_e1_leaf0,e1,leaf 0%,0,on,16,0.99,point-zipf,64,5,24065188,4451363,84.39
l2_e1_leaf0,e1,leaf 0%,0,on,16,0.99,point-zipf,64,6,24065188,4451363,84.39
l2_e1_leaf0,e1,leaf 0%,0,on,16,0.99,point-zipf,64,7,24065188,4451363,84.39
l2_e1_leaf0,e1,leaf 0%,0,on,16,0.99,point-zipf,64,8,24065188,4451363,84.39
l2_e1_leaf0,e1,leaf 0%,0,on,16,0.99,point-zipf,64,9,24065188,4451363,84.39
l2_e1_leaf0,e1,leaf 0%,0,on,16,0.99,point-uniform,128,0,0,29999967,0.0
l2_e1_leaf0,e1,leaf 0%,0,on,16,0.99,point-uniform,128,1,22658571,7341396,75.529
l2_e1_leaf0,e1,leaf 0%,0,on,16,0.99,point-uniform,128,2,24220637,5779330,80.736
l2_e1_leaf0,e1,leaf 0%,0,on,16,0.99,point-uniform,128,3,24285573,5714394,80.952
l2_e1_leaf0,e1,leaf 0%,0,on,16,0.99,point-uniform,128,4,24286844,5713123,80.956
l2_e1_leaf0,e1,leaf 0%,0,on,16,0.99,point-uniform,128,5,24286844,5713123,80.956
l2_e1_leaf0,e1,leaf 0%,0,on,16,0.99,point-uniform,128,6,24286844,5713123,80.956
l2_e1_leaf0,e1,leaf 0%,0,on,16,0.99,point-uniform,128,7,24286844,5713123,80.956
l2_e1_leaf0,e1,leaf 0%,0,on,16,0.99,point-uniform,128,8,24286844,5713123,80.956
l2_e1_leaf0,e1,leaf 0%,0,on,16,0.99,point-uniform,128,9,24286844,5713123,80.956
l2_e1_leaf0,e1,leaf 0%,0,on,16,0.99,point-zipf,128,0,0,28425568,0.0
l2_e1_leaf0,e1,leaf 0%,0,on,16,0.99,point-zipf,128,1,26264540,2161028,92.398
l2_e1_leaf0,e1,leaf 0%,0,on,16,0.99,point-zipf,128,2,26725988,1699580,94.021
l2_e1_leaf0,e1,leaf 0%,0,on,16,0.99,point-zipf,128,3,26741218,1684350,94.075
l2_e1_leaf0,e1,leaf 0%,0,on,16,0.99,point-zipf,128,4,26741433,1684135,94.075
l2_e1_leaf0,e1,leaf 0%,0,on,16,0.99,point-zipf,128,5,26741433,1684135,94.075
l2_e1_leaf0,e1,leaf 0%,0,on,16,0.99,point-zipf,128,6,26741433,1684135,94.075
l2_e1_leaf0,e1,leaf 0%,0,on,16,0.99,point-zipf,128,7,26741433,1684135,94.075
l2_e1_leaf0,e1,leaf 0%,0,on,16,0.99,point-zipf,128,8,26741433,1684135,94.075
l2_e1_leaf0,e1,leaf 0%,0,on,16,0.99,point-zipf,128,9,26741433,1684135,94.075
l2_e1_leaf0,e1,leaf 0%,0,on,16,0.99,point-uniform,256,0,0,29999976,0.0
l2_e1_leaf0,e1,leaf 0%,0,on,16,0.99,point-uniform,256,1,29998223,1753,99.994
l2_e1_leaf0,e1,leaf 0%,0,on,16,0.99,point-uniform,256,2,29998661,1315,99.996
l2_e1_leaf0,e1,leaf 0%,0,on,16,0.99,point-uniform,256,3,29998661,1315,99.996
l2_e1_leaf0,e1,leaf 0%,0,on,16,0.99,point-uniform,256,4,29998661,1315,99.996
l2_e1_leaf0,e1,leaf 0%,0,on,16,0.99,point-uniform,256,5,29998661,1315,99.996
l2_e1_leaf0,e1,leaf 0%,0,on,16,0.99,point-uniform,256,6,29998661,1315,99.996
l2_e1_leaf0,e1,leaf 0%,0,on,16,0.99,point-uniform,256,7,29998661,1315,99.996
l2_e1_leaf0,e1,leaf 0%,0,on,16,0.99,point-uniform,256,8,29998661,1315,99.996
l2_e1_leaf0,e1,leaf 0%,0,on,16,0.99,point-uniform,256,9,29998661,1315,99.996
l2_e1_leaf0,e1,leaf 0%,0,on,16,0.99,point-zipf,256,0,0,28378054,0.0
l2_e1_leaf0,e1,leaf 0%,0,on,16,0.99,point-zipf,256,1,27946828,431226,98.48
l2_e1_leaf0,e1,leaf 0%,0,on,16,0.99,point-zipf,256,2,28022929,355125,98.749
l2_e1_leaf0,e1,leaf 0%,0,on,16,0.99,point-zipf,256,3,28022929,355125,98.749
l2_e1_leaf0,e1,leaf 0%,0,on,16,0.99,point-zipf,256,4,28022929,355125,98.749
l2_e1_leaf0,e1,leaf 0%,0,on,16,0.99,point-zipf,256,5,28022929,355125,98.749
l2_e1_leaf0,e1,leaf 0%,0,on,16,0.99,point-zipf,256,6,28022929,355125,98.749
l2_e1_leaf0,e1,leaf 0%,0,on,16,0.99,point-zipf,256,7,28022929,355125,98.749
l2_e1_leaf0,e1,leaf 0%,0,on,16,0.99,point-zipf,256,8,28022929,355125,98.749
l2_e1_leaf0,e1,leaf 0%,0,on,16,0.99,point-zipf,256,9,28022929,355125,98.749
l2_e1_leaf0,e1,leaf 0%,0,on,16,0.99,point-uniform,512,0,0,29999974,0.0
l2_e1_leaf0,e1,leaf 0%,0,on,16,0.99,point-uniform,512,1,29998389,1585,99.995
l2_e1_leaf0,e1,leaf 0%,0,on,16,0.99,point-uniform,512,2,29998654,1320,99.996
l2_e1_leaf0,e1,leaf 0%,0,on,16,0.99,point-uniform,512,3,29998654,1320,99.996
l2_e1_leaf0,e1,leaf 0%,0,on,16,0.99,point-uniform,512,4,29998654,1320,99.996
l2_e1_leaf0,e1,leaf 0%,0,on,16,0.99,point-uniform,512,5,29998654,1320,99.996
l2_e1_leaf0,e1,leaf 0%,0,on,16,0.99,point-uniform,512,6,29998654,1320,99.996
l2_e1_leaf0,e1,leaf 0%,0,on,16,0.99,point-uniform,512,7,29998654,1320,99.996
l2_e1_leaf0,e1,leaf 0%,0,on,16,0.99,point-uniform,512,8,29998654,1320,99.996
l2_e1_leaf0,e1,leaf 0%,0,on,16,0.99,point-uniform,512,9,29998654,1320,99.996
l2_e1_leaf0,e1,leaf 0%,0,on,16,0.99,point-zipf,512,0,0,28370233,0.0
l2_e1_leaf0,e1,leaf 0%,0,on,16,0.99,point-zipf,512,1,27938393,431840,98.478
l2_e1_leaf0,e1,leaf 0%,0,on,16,0.99,point-zipf,512,2,28015527,354706,98.75
l2_e1_leaf0,e1,leaf 0%,0,on,16,0.99,point-zipf,512,3,28015527,354706,98.75
l2_e1_leaf0,e1,leaf 0%,0,on,16,0.99,point-zipf,512,4,28015527,354706,98.75
l2_e1_leaf0,e1,leaf 0%,0,on,16,0.99,point-zipf,512,5,28015527,354706,98.75
l2_e1_leaf0,e1,leaf 0%,0,on,16,0.99,point-zipf,512,6,28015527,354706,98.75
l2_e1_leaf0,e1,leaf 0%,0,on,16,0.99,point-zipf,512,7,28015527,354706,98.75
l2_e1_leaf0,e1,leaf 0%,0,on,16,0.99,point-zipf,512,8,28015527,354706,98.75
l2_e1_leaf0,e1,leaf 0%,0,on,16,0.99,point-zipf,512,9,28015527,354706,98.75
l2_e1_leaf0,e1,leaf 0%,0,on,16,0.99,point-uniform,1024,0,0,29999961,0.0
l2_e1_leaf0,e1,leaf 0%,0,on,16,0.99,point-uniform,1024,1,29998072,1889,99.994
l2_e1_leaf0,e1,leaf 0%,0,on,16,0.99,point-uniform,1024,2,29998341,1620,99.995
l2_e1_leaf0,e1,leaf 0%,0,on,16,0.99,point-uniform,1024,3,29998341,1620,99.995
l2_e1_leaf0,e1,leaf 0%,0,on,16,0.99,point-uniform,1024,4,29998341,1620,99.995
l2_e1_leaf0,e1,leaf 0%,0,on,16,0.99,point-uniform,1024,5,29998341,1620,99.995
l2_e1_leaf0,e1,leaf 0%,0,on,16,0.99,point-uniform,1024,6,29998341,1620,99.995
l2_e1_leaf0,e1,leaf 0%,0,on,16,0.99,point-uniform,1024,7,29998341,1620,99.995
l2_e1_leaf0,e1,leaf 0%,0,on,16,0.99,point-uniform,1024,8,29998341,1620,99.995
l2_e1_leaf0,e1,leaf 0%,0,on,16,0.99,point-uniform,1024,9,29998341,1620,99.995
l2_e1_leaf0,e1,leaf 0%,0,on,16,0.99,point-zipf,1024,0,0,28365207,0.0
l2_e1_leaf0,e1,leaf 0%,0,on,16,0.99,point-zipf,1024,1,27931958,433249,98.473
l2_e1_leaf0,e1,leaf 0%,0,on,16,0.99,point-zipf,1024,2,28008817,356390,98.744
l2_e1_leaf0,e1,leaf 0%,0,on,16,0.99,point-zipf,1024,3,28008817,356390,98.744
l2_e1_leaf0,e1,leaf 0%,0,on,16,0.99,point-zipf,1024,4,28008817,356390,98.744
l2_e1_leaf0,e1,leaf 0%,0,on,16,0.99,point-zipf,1024,5,28008817,356390,98.744
l2_e1_leaf0,e1,leaf 0%,0,on,16,0.99,point-zipf,1024,6,28008817,356390,98.744
l2_e1_leaf0,e1,leaf 0%,0,on,16,0.99,point-zipf,1024,7,28008817,356390,98.744
l2_e1_leaf0,e1,leaf 0%,0,on,16,0.99,point-zipf,1024,8,28008817,356390,98.744
l2_e1_leaf0,e1,leaf 0%,0,on,16,0.99,point-zipf,1024,9,28008817,356390,98.744
l2_e1_leaf25,e1,leaf 25%,25,off,0,0.99,point-uniform,64,0,157214,29842752,0.524
l2_e1_leaf25,e1,leaf 25%,25,off,0,0.99,point-uniform,64,1,5949071,24050895,19.83
l2_e1_leaf25,e1,leaf 25%,25,off,0,0.99,point-uniform,64,2,17398082,12601884,57.994
l2_e1_leaf25,e1,leaf 25%,25,off,0,0.99,point-uniform,64,3,18565948,11434018,61.887
l2_e1_leaf25,e1,leaf 25%,25,off,0,0.99,point-uniform,64,4,18617141,11382825,62.057
l2_e1_leaf25,e1,leaf 25%,25,off,0,0.99,point-uniform,64,5,18618407,11381559,62.061
l2_e1_leaf25,e1,leaf 25%,25,off,0,0.99,point-uniform,64,6,18618418,11381548,62.061
l2_e1_leaf25,e1,leaf 25%,25,off,0,0.99,point-uniform,64,7,18618418,11381548,62.061
l2_e1_leaf25,e1,leaf 25%,25,off,0,0.99,point-uniform,64,8,18618418,11381548,62.061
l2_e1_leaf25,e1,leaf 25%,25,off,0,0.99,point-uniform,64,9,18618418,11381548,62.061
l2_e1_leaf25,e1,leaf 25%,25,off,0,0.99,point-zipf,64,0,15078747,14425773,51.107
l2_e1_leaf25,e1,leaf 25%,25,off,0,0.99,point-zipf,64,1,20401492,9103028,69.147
l2_e1_leaf25,e1,leaf 25%,25,off,0,0.99,point-zipf,64,2,23679732,5824788,80.258
l2_e1_leaf25,e1,leaf 25%,25,off,0,0.99,point-zipf,64,3,24316792,5187728,82.417
l2_e1_leaf25,e1,leaf 25%,25,off,0,0.99,point-zipf,64,4,24342430,5162090,82.504
l2_e1_leaf25,e1,leaf 25%,25,off,0,0.99,point-zipf,64,5,24343134,5161386,82.506
l2_e1_leaf25,e1,leaf 25%,25,off,0,0.99,point-zipf,64,6,24343138,5161382,82.506
l2_e1_leaf25,e1,leaf 25%,25,off,0,0.99,point-zipf,64,7,24343138,5161382,82.506
l2_e1_leaf25,e1,leaf 25%,25,off,0,0.99,point-zipf,64,8,24343138,5161382,82.506
l2_e1_leaf25,e1,leaf 25%,25,off,0,0.99,point-zipf,64,9,24343138,5161382,82.506
l2_e1_leaf25,e1,leaf 25%,25,off,0,0.99,point-uniform,128,0,314007,29685966,1.047
l2_e1_leaf25,e1,leaf 25%,25,off,0,0.99,point-uniform,128,1,15635666,14364307,52.119
l2_e1_leaf25,e1,leaf 25%,25,off,0,0.99,point-uniform,128,2,21268983,8730990,70.897
l2_e1_leaf25,e1,leaf 25%,25,off,0,0.99,point-uniform,128,3,21393710,8606263,71.312
l2_e1_leaf25,e1,leaf 25%,25,off,0,0.99,point-uniform,128,4,21398705,8601268,71.329
l2_e1_leaf25,e1,leaf 25%,25,off,0,0.99,point-uniform,128,5,21398753,8601220,71.329
l2_e1_leaf25,e1,leaf 25%,25,off,0,0.99,point-uniform,128,6,21398753,8601220,71.329
l2_e1_leaf25,e1,leaf 25%,25,off,0,0.99,point-uniform,128,7,21398753,8601220,71.329
l2_e1_leaf25,e1,leaf 25%,25,off,0,0.99,point-uniform,128,8,21398753,8601220,71.329
l2_e1_leaf25,e1,leaf 25%,25,off,0,0.99,point-uniform,128,9,21398753,8601220,71.329
l2_e1_leaf25,e1,leaf 25%,25,off,0,0.99,point-zipf,128,0,16127008,13199216,54.992
l2_e1_leaf25,e1,leaf 25%,25,off,0,0.99,point-zipf,128,1,24871970,4454254,84.811
l2_e1_leaf25,e1,leaf 25%,25,off,0,0.99,point-zipf,128,2,26176229,3149995,89.259
l2_e1_leaf25,e1,leaf 25%,25,off,0,0.99,point-zipf,128,3,26251006,3075218,89.514
l2_e1_leaf25,e1,leaf 25%,25,off,0,0.99,point-zipf,128,4,26253318,3072906,89.522
l2_e1_leaf25,e1,leaf 25%,25,off,0,0.99,point-zipf,128,5,26253337,3072887,89.522
l2_e1_leaf25,e1,leaf 25%,25,off,0,0.99,point-zipf,128,6,26253337,3072887,89.522
l2_e1_leaf25,e1,leaf 25%,25,off,0,0.99,point-zipf,128,7,26253337,3072887,89.522
l2_e1_leaf25,e1,leaf 25%,25,off,0,0.99,point-zipf,128,8,26253337,3072887,89.522
l2_e1_leaf25,e1,leaf 25%,25,off,0,0.99,point-zipf,128,9,26253337,3072887,89.522
l2_e1_leaf25,e1,leaf 25%,25,off,0,0.99,point-uniform,256,0,628799,29371172,2.096
l2_e1_leaf25,e1,leaf 25%,25,off,0,0.99,point-uniform,256,1,29999903,68,100.0
l2_e1_leaf25,e1,leaf 25%,25,off,0,0.99,point-uniform,256,2,29999920,51,100.0
l2_e1_leaf25,e1,leaf 25%,25,off,0,0.99,point-uniform,256,3,29999920,51,100.0
l2_e1_leaf25,e1,leaf 25%,25,off,0,0.99,point-uniform,256,4,29999920,51,100.0
l2_e1_leaf25,e1,leaf 25%,25,off,0,0.99,point-uniform,256,5,29999920,51,100.0
l2_e1_leaf25,e1,leaf 25%,25,off,0,0.99,point-uniform,256,6,29999920,51,100.0
l2_e1_leaf25,e1,leaf 25%,25,off,0,0.99,point-uniform,256,7,29999920,51,100.0
l2_e1_leaf25,e1,leaf 25%,25,off,0,0.99,point-uniform,256,8,29999920,51,100.0
l2_e1_leaf25,e1,leaf 25%,25,off,0,0.99,point-uniform,256,9,29999920,51,100.0
l2_e1_leaf25,e1,leaf 25%,25,off,0,0.99,point-zipf,256,0,16790098,11903843,58.514
l2_e1_leaf25,e1,leaf 25%,25,off,0,0.99,point-zipf,256,1,28629863,64078,99.777
l2_e1_leaf25,e1,leaf 25%,25,off,0,0.99,point-zipf,256,2,28640941,53000,99.815
l2_e1_leaf25,e1,leaf 25%,25,off,0,0.99,point-zipf,256,3,28640941,53000,99.815
l2_e1_leaf25,e1,leaf 25%,25,off,0,0.99,point-zipf,256,4,28640941,53000,99.815
l2_e1_leaf25,e1,leaf 25%,25,off,0,0.99,point-zipf,256,5,28640941,53000,99.815
l2_e1_leaf25,e1,leaf 25%,25,off,0,0.99,point-zipf,256,6,28640941,53000,99.815
l2_e1_leaf25,e1,leaf 25%,25,off,0,0.99,point-zipf,256,7,28640941,53000,99.815
l2_e1_leaf25,e1,leaf 25%,25,off,0,0.99,point-zipf,256,8,28640941,53000,99.815
l2_e1_leaf25,e1,leaf 25%,25,off,0,0.99,point-zipf,256,9,28640941,53000,99.815
l2_e1_leaf25,e1,leaf 25%,25,off,0,0.99,point-uniform,512,0,1257219,28742746,4.191
l2_e1_leaf25,e1,leaf 25%,25,off,0,0.99,point-uniform,512,1,29999900,65,100.0
l2_e1_leaf25,e1,leaf 25%,25,off,0,0.99,point-uniform,512,2,29999913,52,100.0
l2_e1_leaf25,e1,leaf 25%,25,off,0,0.99,point-uniform,512,3,29999913,52,100.0
l2_e1_leaf25,e1,leaf 25%,25,off,0,0.99,point-uniform,512,4,29999913,52,100.0
l2_e1_leaf25,e1,leaf 25%,25,off,0,0.99,point-uniform,512,5,29999913,52,100.0
l2_e1_leaf25,e1,leaf 25%,25,off,0,0.99,point-uniform,512,6,29999913,52,100.0
l2_e1_leaf25,e1,leaf 25%,25,off,0,0.99,point-uniform,512,7,29999913,52,100.0
l2_e1_leaf25,e1,leaf 25%,25,off,0,0.99,point-uniform,512,8,29999913,52,100.0
l2_e1_leaf25,e1,leaf 25%,25,off,0,0.99,point-uniform,512,9,29999913,52,100.0
l2_e1_leaf25,e1,leaf 25%,25,off,0,0.99,point-zipf,512,0,18176368,10480503,63.428
l2_e1_leaf25,e1,leaf 25%,25,off,0,0.99,point-zipf,512,1,28592397,64474,99.775
l2_e1_leaf25,e1,leaf 25%,25,off,0,0.99,point-zipf,512,2,28603502,53369,99.814
l2_e1_leaf25,e1,leaf 25%,25,off,0,0.99,point-zipf,512,3,28603502,53369,99.814
l2_e1_leaf25,e1,leaf 25%,25,off,0,0.99,point-zipf,512,4,28603502,53369,99.814
l2_e1_leaf25,e1,leaf 25%,25,off,0,0.99,point-zipf,512,5,28603502,53369,99.814
l2_e1_leaf25,e1,leaf 25%,25,off,0,0.99,point-zipf,512,6,28603502,53369,99.814
l2_e1_leaf25,e1,leaf 25%,25,off,0,0.99,point-zipf,512,7,28603502,53369,99.814
l2_e1_leaf25,e1,leaf 25%,25,off,0,0.99,point-zipf,512,8,28603502,53369,99.814
l2_e1_leaf25,e1,leaf 25%,25,off,0,0.99,point-zipf,512,9,28603502,53369,99.814
l2_e1_leaf25,e1,leaf 25%,25,off,0,0.99,point-uniform,1024,0,2517235,27482738,8.391
l2_e1_leaf25,e1,leaf 25%,25,off,0,0.99,point-uniform,1024,1,29999897,76,100.0
l2_e1_leaf25,e1,leaf 25%,25,off,0,0.99,point-uniform,1024,2,29999906,67,100.0
l2_e1_leaf25,e1,leaf 25%,25,off,0,0.99,point-uniform,1024,3,29999906,67,100.0
l2_e1_leaf25,e1,leaf 25%,25,off,0,0.99,point-uniform,1024,4,29999906,67,100.0
l2_e1_leaf25,e1,leaf 25%,25,off,0,0.99,point-uniform,1024,5,29999906,67,100.0
l2_e1_leaf25,e1,leaf 25%,25,off,0,0.99,point-uniform,1024,6,29999906,67,100.0
l2_e1_leaf25,e1,leaf 25%,25,off,0,0.99,point-uniform,1024,7,29999906,67,100.0
l2_e1_leaf25,e1,leaf 25%,25,off,0,0.99,point-uniform,1024,8,29999906,67,100.0
l2_e1_leaf25,e1,leaf 25%,25,off,0,0.99,point-uniform,1024,9,29999906,67,100.0
l2_e1_leaf25,e1,leaf 25%,25,off,0,0.99,point-zipf,1024,0,19780862,8892782,68.986
l2_e1_leaf25,e1,leaf 25%,25,off,0,0.99,point-zipf,1024,1,28609012,64632,99.775
l2_e1_leaf25,e1,leaf 25%,25,off,0,0.99,point-zipf,1024,2,28620082,53562,99.813
l2_e1_leaf25,e1,leaf 25%,25,off,0,0.99,point-zipf,1024,3,28620082,53562,99.813
l2_e1_leaf25,e1,leaf 25%,25,off,0,0.99,point-zipf,1024,4,28620082,53562,99.813
l2_e1_leaf25,e1,leaf 25%,25,off,0,0.99,point-zipf,1024,5,28620082,53562,99.813
l2_e1_leaf25,e1,leaf 25%,25,off,0,0.99,point-zipf,1024,6,28620082,53562,99.813
l2_e1_leaf25,e1,leaf 25%,25,off,0,0.99,point-zipf,1024,7,28620082,53562,99.813
l2_e1_leaf25,e1,leaf 25%,25,off,0,0.99,point-zipf,1024,8,28620082,53562,99.813
l2_e1_leaf25,e1,leaf 25%,25,off,0,0.99,point-zipf,1024,9,28620082,53562,99.813
l2_e1_leaf25,e1,leaf 25%,25,on,16,0.99,point-uniform,64,0,64587,29935370,0.215
l2_e1_leaf25,e1,leaf 25%,25,on,16,0.99,point-uniform,64,1,5944107,24055850,19.814
l2_e1_leaf25,e1,leaf 25%,25,on,16,0.99,point-uniform,64,2,17253831,12746126,57.513
l2_e1_leaf25,e1,leaf 25%,25,on,16,0.99,point-uniform,64,3,18489351,11510606,61.631
l2_e1_leaf25,e1,leaf 25%,25,on,16,0.99,point-uniform,64,4,18529852,11470105,61.766
l2_e1_leaf25,e1,leaf 25%,25,on,16,0.99,point-uniform,64,5,18531937,11468020,61.773
l2_e1_leaf25,e1,leaf 25%,25,on,16,0.99,point-uniform,64,6,18531937,11468020,61.773
l2_e1_leaf25,e1,leaf 25%,25,on,16,0.99,point-uniform,64,7,18531937,11468020,61.773
l2_e1_leaf25,e1,leaf 25%,25,on,16,0.99,point-uniform,64,8,18531937,11468020,61.773
l2_e1_leaf25,e1,leaf 25%,25,on,16,0.99,point-uniform,64,9,18531937,11468020,61.773
l2_e1_leaf25,e1,leaf 25%,25,on,16,0.99,point-zipf,64,0,14526413,14186328,50.592
l2_e1_leaf25,e1,leaf 25%,25,on,16,0.99,point-zipf,64,1,19566175,9146566,68.145
l2_e1_leaf25,e1,leaf 25%,25,on,16,0.99,point-zipf,64,2,22789001,5923740,79.369
l2_e1_leaf25,e1,leaf 25%,25,on,16,0.99,point-zipf,64,3,23460811,5251930,81.709
l2_e1_leaf25,e1,leaf 25%,25,on,16,0.99,point-zipf,64,4,23487452,5225289,81.801
l2_e1_leaf25,e1,leaf 25%,25,on,16,0.99,point-zipf,64,5,23487766,5224975,81.803
l2_e1_leaf25,e1,leaf 25%,25,on,16,0.99,point-zipf,64,6,23487766,5224975,81.803
l2_e1_leaf25,e1,leaf 25%,25,on,16,0.99,point-zipf,64,7,23487766,5224975,81.803
l2_e1_leaf25,e1,leaf 25%,25,on,16,0.99,point-zipf,64,8,23487766,5224975,81.803
l2_e1_leaf25,e1,leaf 25%,25,on,16,0.99,point-zipf,64,9,23487766,5224975,81.803
l2_e1_leaf25,e1,leaf 25%,25,on,16,0.99,point-uniform,128,0,220981,29778990,0.737
l2_e1_leaf25,e1,leaf 25%,25,on,16,0.99,point-uniform,128,1,15701329,14298642,52.338
l2_e1_leaf25,e1,leaf 25%,25,on,16,0.99,point-uniform,128,2,20929817,9070154,69.766
l2_e1_leaf25,e1,leaf 25%,25,on,16,0.99,point-uniform,128,3,21082119,8917852,70.274
l2_e1_leaf25,e1,leaf 25%,25,on,16,0.99,point-uniform,128,4,21086449,8913522,70.288
l2_e1_leaf25,e1,leaf 25%,25,on,16,0.99,point-uniform,128,5,21086449,8913522,70.288
l2_e1_leaf25,e1,leaf 25%,25,on,16,0.99,point-uniform,128,6,21086449,8913522,70.288
l2_e1_leaf25,e1,leaf 25%,25,on,16,0.99,point-uniform,128,7,21086449,8913522,70.288
l2_e1_leaf25,e1,leaf 25%,25,on,16,0.99,point-uniform,128,8,21086449,8913522,70.288
l2_e1_leaf25,e1,leaf 25%,25,on,16,0.99,point-uniform,128,9,21086449,8913522,70.288
l2_e1_leaf25,e1,leaf 25%,25,on,16,0.99,point-zipf,128,0,15562483,13098111,54.299
l2_e1_leaf25,e1,leaf 25%,25,on,16,0.99,point-zipf,128,1,24117490,4543104,84.149
l2_e1_leaf25,e1,leaf 25%,25,on,16,0.99,point-zipf,128,2,25440753,3219841,88.766
l2_e1_leaf25,e1,leaf 25%,25,on,16,0.99,point-zipf,128,3,25514773,3145821,89.024
l2_e1_leaf25,e1,leaf 25%,25,on,16,0.99,point-zipf,128,4,25516611,3143983,89.03
l2_e1_leaf25,e1,leaf 25%,25,on,16,0.99,point-zipf,128,5,25516611,3143983,89.03
l2_e1_leaf25,e1,leaf 25%,25,on,16,0.99,point-zipf,128,6,25516611,3143983,89.03
l2_e1_leaf25,e1,leaf 25%,25,on,16,0.99,point-zipf,128,7,25516611,3143983,89.03
l2_e1_leaf25,e1,leaf 25%,25,on,16,0.99,point-zipf,128,8,25516611,3143983,89.03
l2_e1_leaf25,e1,leaf 25%,25,on,16,0.99,point-zipf,128,9,25516611,3143983,89.03
l2_e1_leaf25,e1,leaf 25%,25,on,16,0.99,point-uniform,256,0,628474,29371498,2.095
l2_e1_leaf25,e1,leaf 25%,25,on,16,0.99,point-uniform,256,1,29997805,2167,99.993
l2_e1_leaf25,e1,leaf 25%,25,on,16,0.99,point-uniform,256,2,29998452,1520,99.995
l2_e1_leaf25,e1,leaf 25%,25,on,16,0.99,point-uniform,256,3,29998452,1520,99.995
l2_e1_leaf25,e1,leaf 25%,25,on,16,0.99,point-uniform,256,4,29998452,1520,99.995
l2_e1_leaf25,e1,leaf 25%,25,on,16,0.99,point-uniform,256,5,29998452,1520,99.995
l2_e1_leaf25,e1,leaf 25%,25,on,16,0.99,point-uniform,256,6,29998452,1520,99.995
l2_e1_leaf25,e1,leaf 25%,25,on,16,0.99,point-uniform,256,7,29998452,1520,99.995
l2_e1_leaf25,e1,leaf 25%,25,on,16,0.99,point-uniform,256,8,29998452,1520,99.995
l2_e1_leaf25,e1,leaf 25%,25,on,16,0.99,point-uniform,256,9,29998452,1520,99.995
l2_e1_leaf25,e1,leaf 25%,25,on,16,0.99,point-zipf,256,0,16860986,11887511,58.65
l2_e1_leaf25,e1,leaf 25%,25,on,16,0.99,point-zipf,256,1,28314520,433977,98.49
l2_e1_leaf25,e1,leaf 25%,25,on,16,0.99,point-zipf,256,2,28391060,357437,98.757
l2_e1_leaf25,e1,leaf 25%,25,on,16,0.99,point-zipf,256,3,28391060,357437,98.757
l2_e1_leaf25,e1,leaf 25%,25,on,16,0.99,point-zipf,256,4,28391060,357437,98.757
l2_e1_leaf25,e1,leaf 25%,25,on,16,0.99,point-zipf,256,5,28391060,357437,98.757
l2_e1_leaf25,e1,leaf 25%,25,on,16,0.99,point-zipf,256,6,28391060,357437,98.757
l2_e1_leaf25,e1,leaf 25%,25,on,16,0.99,point-zipf,256,7,28391060,357437,98.757
l2_e1_leaf25,e1,leaf 25%,25,on,16,0.99,point-zipf,256,8,28391060,357437,98.757
l2_e1_leaf25,e1,leaf 25%,25,on,16,0.99,point-zipf,256,9,28391060,357437,98.757
l2_e1_leaf25,e1,leaf 25%,25,on,16,0.99,point-uniform,512,0,1258412,28741561,4.195
l2_e1_leaf25,e1,leaf 25%,25,on,16,0.99,point-uniform,512,1,29997730,2243,99.993
l2_e1_leaf25,e1,leaf 25%,25,on,16,0.99,point-uniform,512,2,29997957,2016,99.993
l2_e1_leaf25,e1,leaf 25%,25,on,16,0.99,point-uniform,512,3,29997957,2016,99.993
l2_e1_leaf25,e1,leaf 25%,25,on,16,0.99,point-uniform,512,4,29997957,2016,99.993
l2_e1_leaf25,e1,leaf 25%,25,on,16,0.99,point-uniform,512,5,29997957,2016,99.993
l2_e1_leaf25,e1,leaf 25%,25,on,16,0.99,point-uniform,512,6,29997957,2016,99.993
l2_e1_leaf25,e1,leaf 25%,25,on,16,0.99,point-uniform,512,7,29997957,2016,99.993
l2_e1_leaf25,e1,leaf 25%,25,on,16,0.99,point-uniform,512,8,29997957,2016,99.993
l2_e1_leaf25,e1,leaf 25%,25,on,16,0.99,point-uniform,512,9,29997957,2016,99.993
l2_e1_leaf25,e1,leaf 25%,25,on,16,0.99,point-zipf,512,0,18201752,10469203,63.485
l2_e1_leaf25,e1,leaf 25%,25,on,16,0.99,point-zipf,512,1,28242603,428352,98.506
l2_e1_leaf25,e1,leaf 25%,25,on,16,0.99,point-zipf,512,2,28319345,351610,98.774
l2_e1_leaf25,e1,leaf 25%,25,on,16,0.99,point-zipf,512,3,28319345,351610,98.774
l2_e1_leaf25,e1,leaf 25%,25,on,16,0.99,point-zipf,512,4,28319345,351610,98.774
l2_e1_leaf25,e1,leaf 25%,25,on,16,0.99,point-zipf,512,5,28319345,351610,98.774
l2_e1_leaf25,e1,leaf 25%,25,on,16,0.99,point-zipf,512,6,28319345,351610,98.774
l2_e1_leaf25,e1,leaf 25%,25,on,16,0.99,point-zipf,512,7,28319345,351610,98.774
l2_e1_leaf25,e1,leaf 25%,25,on,16,0.99,point-zipf,512,8,28319345,351610,98.774
l2_e1_leaf25,e1,leaf 25%,25,on,16,0.99,point-zipf,512,9,28319345,351610,98.774
l2_e1_leaf25,e1,leaf 25%,25,on,16,0.99,point-uniform,1024,0,2517570,27482406,8.392
l2_e1_leaf25,e1,leaf 25%,25,on,16,0.99,point-uniform,1024,1,29997916,2060,99.993
l2_e1_leaf25,e1,leaf 25%,25,on,16,0.99,point-uniform,1024,2,29998189,1787,99.994
l2_e1_leaf25,e1,leaf 25%,25,on,16,0.99,point-uniform,1024,3,29998189,1787,99.994
l2_e1_leaf25,e1,leaf 25%,25,on,16,0.99,point-uniform,1024,4,29998189,1787,99.994
l2_e1_leaf25,e1,leaf 25%,25,on,16,0.99,point-uniform,1024,5,29998189,1787,99.994
l2_e1_leaf25,e1,leaf 25%,25,on,16,0.99,point-uniform,1024,6,29998189,1787,99.994
l2_e1_leaf25,e1,leaf 25%,25,on,16,0.99,point-uniform,1024,7,29998189,1787,99.994
l2_e1_leaf25,e1,leaf 25%,25,on,16,0.99,point-uniform,1024,8,29998189,1787,99.994
l2_e1_leaf25,e1,leaf 25%,25,on,16,0.99,point-uniform,1024,9,29998189,1787,99.994
l2_e1_leaf25,e1,leaf 25%,25,on,16,0.99,point-zipf,1024,0,19714895,8870994,68.967
l2_e1_leaf25,e1,leaf 25%,25,on,16,0.99,point-zipf,1024,1,28156673,429216,98.499
l2_e1_leaf25,e1,leaf 25%,25,on,16,0.99,point-zipf,1024,2,28233196,352693,98.766
l2_e1_leaf25,e1,leaf 25%,25,on,16,0.99,point-zipf,1024,3,28233196,352693,98.766
l2_e1_leaf25,e1,leaf 25%,25,on,16,0.99,point-zipf,1024,4,28233196,352693,98.766
l2_e1_leaf25,e1,leaf 25%,25,on,16,0.99,point-zipf,1024,5,28233196,352693,98.766
l2_e1_leaf25,e1,leaf 25%,25,on,16,0.99,point-zipf,1024,6,28233196,352693,98.766
l2_e1_leaf25,e1,leaf 25%,25,on,16,0.99,point-zipf,1024,7,28233196,352693,98.766
l2_e1_leaf25,e1,leaf 25%,25,on,16,0.99,point-zipf,1024,8,28233196,352693,98.766
l2_e1_leaf25,e1,leaf 25%,25,on,16,0.99,point-zipf,1024,9,28233196,352693,98.766
l2_e1_leaf50,e1,leaf 50%,50,off,0,0.99,point-uniform,64,0,314205,29685765,1.047
l2_e1_leaf50,e1,leaf 50%,50,off,0,0.99,point-uniform,64,1,3405929,26594041,11.353
l2_e1_leaf50,e1,leaf 50%,50,off,0,0.99,point-uniform,64,2,12903167,17096803,43.011
l2_e1_leaf50,e1,leaf 50%,50,off,0,0.99,point-uniform,64,3,17368852,12631118,57.896
l2_e1_leaf50,e1,leaf 50%,50,off,0,0.99,point-uniform,64,4,17452326,12547644,58.174
l2_e1_leaf50,e1,leaf 50%,50,off,0,0.99,point-uniform,64,5,17456448,12543522,58.188
l2_e1_leaf50,e1,leaf 50%,50,off,0,0.99,point-uniform,64,6,17456507,12543463,58.188
l2_e1_leaf50,e1,leaf 50%,50,off,0,0.99,point-uniform,64,7,17456507,12543463,58.188
l2_e1_leaf50,e1,leaf 50%,50,off,0,0.99,point-uniform,64,8,17456507,12543463,58.188
l2_e1_leaf50,e1,leaf 50%,50,off,0,0.99,point-uniform,64,9,17456507,12543463,58.188
l2_e1_leaf50,e1,leaf 50%,50,off,0,0.99,point-zipf,64,0,16329279,13195183,55.308
l2_e1_leaf50,e1,leaf 50%,50,off,0,0.99,point-zipf,64,1,18389113,11135349,62.284
l2_e1_leaf50,e1,leaf 50%,50,off,0,0.99,point-zipf,64,2,21708518,7815944,73.527
l2_e1_leaf50,e1,leaf 50%,50,off,0,0.99,point-zipf,64,3,23346860,6177602,79.076
l2_e1_leaf50,e1,leaf 50%,50,off,0,0.99,point-zipf,64,4,23423726,6100736,79.337
l2_e1_leaf50,e1,leaf 50%,50,off,0,0.99,point-zipf,64,5,23426495,6097967,79.346
l2_e1_leaf50,e1,leaf 50%,50,off,0,0.99,point-zipf,64,6,23426536,6097926,79.346
l2_e1_leaf50,e1,leaf 50%,50,off,0,0.99,point-zipf,64,7,23426537,6097925,79.346
l2_e1_leaf50,e1,leaf 50%,50,off,0,0.99,point-zipf,64,8,23426537,6097925,79.346
l2_e1_leaf50,e1,leaf 50%,50,off,0,0.99,point-zipf,64,9,23426537,6097925,79.346
l2_e1_leaf50,e1,leaf 50%,50,off,0,0.99,point-uniform,128,0,628325,29371643,2.094
l2_e1_leaf50,e1,leaf 50%,50,off,0,0.99,point-uniform,128,1,8932005,21067963,29.773
l2_e1_leaf50,e1,leaf 50%,50,off,0,0.99,point-uniform,128,2,19440393,10559575,64.801
l2_e1_leaf50,e1,leaf 50%,50,off,0,0.99,point-uniform,128,3,19908487,10091481,66.362
l2_e1_leaf50,e1,leaf 50%,50,off,0,0.99,point-uniform,128,4,19927921,10072047,66.426
l2_e1_leaf50,e1,leaf 50%,50,off,0,0.99,point-uniform,128,5,19928345,10071623,66.428
l2_e1_leaf50,e1,leaf 50%,50,off,0,0.99,point-uniform,128,6,19928347,10071621,66.428
l2_e1_leaf50,e1,leaf 50%,50,off,0,0.99,point-uniform,128,7,19928347,10071621,66.428
l2_e1_leaf50,e1,leaf 50%,50,off,0,0.99,point-uniform,128,8,19928347,10071621,66.428
l2_e1_leaf50,e1,leaf 50%,50,off,0,0.99,point-uniform,128,9,19928347,10071621,66.428
l2_e1_leaf50,e1,leaf 50%,50,off,0,0.99,point-zipf,128,0,17544164,11897556,59.589
l2_e1_leaf50,e1,leaf 50%,50,off,0,0.99,point-zipf,128,1,22071838,7369882,74.968
l2_e1_leaf50,e1,leaf 50%,50,off,0,0.99,point-zipf,128,2,24782134,4659586,84.174
l2_e1_leaf50,e1,leaf 50%,50,off,0,0.99,point-zipf,128,3,25055972,4385748,85.104
l2_e1_leaf50,e1,leaf 50%,50,off,0,0.99,point-zipf,128,4,25067060,4374660,85.141
l2_e1_leaf50,e1,leaf 50%,50,off,0,0.99,point-zipf,128,5,25067261,4374459,85.142
l2_e1_leaf50,e1,leaf 50%,50,off,0,0.99,point-zipf,128,6,25067261,4374459,85.142
l2_e1_leaf50,e1,leaf 50%,50,off,0,0.99,point-zipf,128,7,25067261,4374459,85.142
l2_e1_leaf50,e1,leaf 50%,50,off,0,0.99,point-zipf,128,8,25067261,4374459,85.142
l2_e1_leaf50,e1,leaf 50%,50,off,0,0.99,point-zipf,128,9,25067261,4374459,85.142
l2_e1_leaf50,e1,leaf 50%,50,off,0,0.99,point-uniform,256,0,1257941,28742022,4.193
l2_e1_leaf50,e1,leaf 50%,50,off,0,0.99,point-uniform,256,1,22690739,7309224,75.636
l2_e1_leaf50,e1,leaf 50%,50,off,0,0.99,point-uniform,256,2,24218352,5781611,80.728
l2_e1_leaf50,e1,leaf 50%,50,off,0,0.99,point-uniform,256,3,24287178,5712785,80.957
l2_e1_leaf50,e1,leaf 50%,50,off,0,0.99,point-uniform,256,4,24288679,5711284,80.962
l2_e1_leaf50,e1,leaf 50%,50,off,0,0.99,point-uniform,256,5,24288697,5711266,80.962
l2_e1_leaf50,e1,leaf 50%,50,off,0,0.99,point-uniform,256,6,24288697,5711266,80.962
l2_e1_leaf50,e1,leaf 50%,50,off,0,0.99,point-uniform,256,7,24288697,5711266,80.962
l2_e1_leaf50,e1,leaf 50%,50,off,0,0.99,point-uniform,256,8,24288697,5711266,80.962
l2_e1_leaf50,e1,leaf 50%,50,off,0,0.99,point-uniform,256,9,24288697,5711266,80.962
l2_e1_leaf50,e1,leaf 50%,50,off,0,0.99,point-zipf,256,0,18561504,10491957,63.887
l2_e1_leaf50,e1,leaf 50%,50,off,0,0.99,point-zipf,256,1,26945017,2108444,92.743
l2_e1_leaf50,e1,leaf 50%,50,off,0,0.99,point-zipf,256,2,27383440,1670021,94.252
l2_e1_leaf50,e1,leaf 50%,50,off,0,0.99,point-zipf,256,3,27400648,1652813,94.311
l2_e1_leaf50,e1,leaf 50%,50,off,0,0.99,point-zipf,256,4,27400969,1652492,94.312
l2_e1_leaf50,e1,leaf 50%,50,off,0,0.99,point-zipf,256,5,27400970,1652491,94.312
l2_e1_leaf50,e1,leaf 50%,50,off,0,0.99,point-zipf,256,6,27400970,1652491,94.312
l2_e1_leaf50,e1,leaf 50%,50,off,0,0.99,point-zipf,256,7,27400970,1652491,94.312
l2_e1_leaf50,e1,leaf 50%,50,off,0,0.99,point-zipf,256,8,27400970,1652491,94.312
l2_e1_leaf50,e1,leaf 50%,50,off,0,0.99,point-zipf,256,9,27400970,1652491,94.312
l2_e1_leaf50,e1,leaf 50%,50,off,0,0.99,point-uniform,512,0,2515809,27484166,8.386
l2_e1_leaf50,e1,leaf 50%,50,off,0,0.99,point-uniform,512,1,29999904,71,100.0
l2_e1_leaf50,e1,leaf 50%,50,off,0,0.99,point-uniform,512,2,29999914,61,100.0
l2_e1_leaf50,e1,leaf 50%,50,off,0,0.99,point-uniform,512,3,29999914,61,100.0
l2_e1_leaf50,e1,leaf 50%,50,off,0,0.99,point-uniform,512,4,29999914,61,100.0
l2_e1_leaf50,e1,leaf 50%,50,off,0,0.99,point-uniform,512,5,29999914,61,100.0
l2_e1_leaf50,e1,leaf 50%,50,off,0,0.99,point-uniform,512,6,29999914,61,100.0
l2_e1_leaf50,e1,leaf 50%,50,off,0,0.99,point-uniform,512,7,29999914,61,100.0
l2_e1_leaf50,e1,leaf 50%,50,off,0,0.99,point-uniform,512,8,29999914,61,100.0
l2_e1_leaf50,e1,leaf 50%,50,off,0,0.99,point-uniform,512,9,29999914,61,100.0
l2_e1_leaf50,e1,leaf 50%,50,off,0,0.99,point-zipf,512,0,19783403,8882620,69.013
l2_e1_leaf50,e1,leaf 50%,50,off,0,0.99,point-zipf,512,1,28601462,64561,99.775
l2_e1_leaf50,e1,leaf 50%,50,off,0,0.99,point-zipf,512,2,28612645,53378,99.814
l2_e1_leaf50,e1,leaf 50%,50,off,0,0.99,point-zipf,512,3,28612645,53378,99.814
l2_e1_leaf50,e1,leaf 50%,50,off,0,0.99,point-zipf,512,4,28612645,53378,99.814
l2_e1_leaf50,e1,leaf 50%,50,off,0,0.99,point-zipf,512,5,28612645,53378,99.814
l2_e1_leaf50,e1,leaf 50%,50,off,0,0.99,point-zipf,512,6,28612645,53378,99.814
l2_e1_leaf50,e1,leaf 50%,50,off,0,0.99,point-zipf,512,7,28612645,53378,99.814
l2_e1_leaf50,e1,leaf 50%,50,off,0,0.99,point-zipf,512,8,28612645,53378,99.814
l2_e1_leaf50,e1,leaf 50%,50,off,0,0.99,point-zipf,512,9,28612645,53378,99.814
l2_e1_leaf50,e1,leaf 50%,50,off,0,0.99,point-uniform,1024,0,5036353,24963621,16.788
l2_e1_leaf50,e1,leaf 50%,50,off,0,0.99,point-uniform,1024,1,29999906,68,100.0
l2_e1_leaf50,e1,leaf 50%,50,off,0,0.99,point-uniform,1024,2,29999915,59,100.0
l2_e1_leaf50,e1,leaf 50%,50,off,0,0.99,point-uniform,1024,3,29999915,59,100.0
l2_e1_leaf50,e1,leaf 50%,50,off,0,0.99,point-uniform,1024,4,29999915,59,100.0
l2_e1_leaf50,e1,leaf 50%,50,off,0,0.99,point-uniform,1024,5,29999915,59,100.0
l2_e1_leaf50,e1,leaf 50%,50,off,0,0.99,point-uniform,1024,6,29999915,59,100.0
l2_e1_leaf50,e1,leaf 50%,50,off,0,0.99,point-uniform,1024,7,29999915,59,100.0
l2_e1_leaf50,e1,leaf 50%,50,off,0,0.99,point-uniform,1024,8,29999915,59,100.0
l2_e1_leaf50,e1,leaf 50%,50,off,0,0.99,point-uniform,1024,9,29999915,59,100.0
l2_e1_leaf50,e1,leaf 50%,50,off,0,0.99,point-zipf,1024,0,21427249,7006719,75.358
l2_e1_leaf50,e1,leaf 50%,50,off,0,0.99,point-zipf,1024,1,28369543,64425,99.773
l2_e1_leaf50,e1,leaf 50%,50,off,0,0.99,point-zipf,1024,2,28380629,53339,99.812
l2_e1_leaf50,e1,leaf 50%,50,off,0,0.99,point-zipf,1024,3,28380629,53339,99.812
l2_e1_leaf50,e1,leaf 50%,50,off,0,0.99,point-zipf,1024,4,28380629,53339,99.812
l2_e1_leaf50,e1,leaf 50%,50,off,0,0.99,point-zipf,1024,5,28380629,53339,99.812
l2_e1_leaf50,e1,leaf 50%,50,off,0,0.99,point-zipf,1024,6,28380629,53339,99.812
l2_e1_leaf50,e1,leaf 50%,50,off,0,0.99,point-zipf,1024,7,28380629,53339,99.812
l2_e1_leaf50,e1,leaf 50%,50,off,0,0.99,point-zipf,1024,8,28380629,53339,99.812
l2_e1_leaf50,e1,leaf 50%,50,off,0,0.99,point-zipf,1024,9,28380629,53339,99.812
l2_e1_leaf50,e1,leaf 50%,50,on,16,0.99,point-uniform,64,0,107132,29892834,0.357
l2_e1_leaf50,e1,leaf 50%,50,on,16,0.99,point-uniform,64,1,3398290,26601676,11.328
l2_e1_leaf50,e1,leaf 50%,50,on,16,0.99,point-uniform,64,2,12946951,17053015,43.157
l2_e1_leaf50,e1,leaf 50%,50,on,16,0.99,point-uniform,64,3,17267587,12732379,57.559
l2_e1_leaf50,e1,leaf 50%,50,on,16,0.99,point-uniform,64,4,17354788,12645178,57.849
l2_e1_leaf50,e1,leaf 50%,50,on,16,0.99,point-uniform,64,5,17359760,12640206,57.866
l2_e1_leaf50,e1,leaf 50%,50,on,16,0.99,point-uniform,64,6,17359760,12640206,57.866
l2_e1_leaf50,e1,leaf 50%,50,on,16,0.99,point-uniform,64,7,17359760,12640206,57.866
l2_e1_leaf50,e1,leaf 50%,50,on,16,0.99,point-uniform,64,8,17359760,12640206,57.866
l2_e1_leaf50,e1,leaf 50%,50,on,16,0.99,point-uniform,64,9,17359760,12640206,57.866
l2_e1_leaf50,e1,leaf 50%,50,on,16,0.99,point-zipf,64,0,15454854,13270987,53.801
l2_e1_leaf50,e1,leaf 50%,50,on,16,0.99,point-zipf,64,1,17566004,11159837,61.151
l2_e1_leaf50,e1,leaf 50%,50,on,16,0.99,point-zipf,64,2,20847964,7877877,72.576
l2_e1_leaf50,e1,leaf 50%,50,on,16,0.99,point-zipf,64,3,22517009,6208832,78.386
l2_e1_leaf50,e1,leaf 50%,50,on,16,0.99,point-zipf,64,4,22594232,6131609,78.655
l2_e1_leaf50,e1,leaf 50%,50,on,16,0.99,point-zipf,64,5,22597123,6128718,78.665
l2_e1_leaf50,e1,leaf 50%,50,on,16,0.99,point-zipf,64,6,22597123,6128718,78.665
l2_e1_leaf50,e1,leaf 50%,50,on,16,0.99,point-zipf,64,7,22597123,6128718,78.665
l2_e1_leaf50,e1,leaf 50%,50,on,16,0.99,point-zipf,64,8,22597123,6128718,78.665
l2_e1_leaf50,e1,leaf 50%,50,on,16,0.99,point-zipf,64,9,22597123,6128718,78.665
l2_e1_leaf50,e1,leaf 50%,50,on,16,0.99,point-uniform,128,0,314723,29685248,1.049
l2_e1_leaf50,e1,leaf 50%,50,on,16,0.99,point-uniform,128,1,8940229,21059742,29.801
l2_e1_leaf50,e1,leaf 50%,50,on,16,0.99,point-uniform,128,2,19243624,10756347,64.145
l2_e1_leaf50,e1,leaf 50%,50,on,16,0.99,point-uniform,128,3,19710568,10289403,65.702
l2_e1_leaf50,e1,leaf 50%,50,on,16,0.99,point-uniform,128,4,19730608,10269363,65.769
l2_e1_leaf50,e1,leaf 50%,50,on,16,0.99,point-uniform,128,5,19730877,10269094,65.77
l2_e1_leaf50,e1,leaf 50%,50,on,16,0.99,point-uniform,128,6,19730877,10269094,65.77
l2_e1_leaf50,e1,leaf 50%,50,on,16,0.99,point-uniform,128,7,19730877,10269094,65.77
l2_e1_leaf50,e1,leaf 50%,50,on,16,0.99,point-uniform,128,8,19730877,10269094,65.77
l2_e1_leaf50,e1,leaf 50%,50,on,16,0.99,point-uniform,128,9,19730877,10269094,65.77
l2_e1_leaf50,e1,leaf 50%,50,on,16,0.99,point-zipf,128,0,16766799,11888952,58.511
l2_e1_leaf50,e1,leaf 50%,50,on,16,0.99,point-zipf,128,1,21241558,7414193,74.127
l2_e1_leaf50,e1,leaf 50%,50,on,16,0.99,point-zipf,128,2,23894510,4761241,83.385
l2_e1_leaf50,e1,leaf 50%,50,on,16,0.99,point-zipf,128,3,24185855,4469896,84.401
l2_e1_leaf50,e1,leaf 50%,50,on,16,0.99,point-zipf,128,4,24196108,4459643,84.437
l2_e1_leaf50,e1,leaf 50%,50,on,16,0.99,point-zipf,128,5,24196108,4459643,84.437
l2_e1_leaf50,e1,leaf 50%,50,on,16,0.99,point-zipf,128,6,24196108,4459643,84.437
l2_e1_leaf50,e1,leaf 50%,50,on,16,0.99,point-zipf,128,7,24196108,4459643,84.437
l2_e1_leaf50,e1,leaf 50%,50,on,16,0.99,point-zipf,128,8,24196108,4459643,84.437
l2_e1_leaf50,e1,leaf 50%,50,on,16,0.99,point-zipf,128,9,24196108,4459643,84.437
l2_e1_leaf50,e1,leaf 50%,50,on,16,0.99,point-uniform,256,0,1084259,28915707,3.614
l2_e1_leaf50,e1,leaf 50%,50,on,16,0.99,point-uniform,256,1,22663911,7336055,75.546
l2_e1_leaf50,e1,leaf 50%,50,on,16,0.99,point-uniform,256,2,24211830,5788136,80.706
l2_e1_leaf50,e1,leaf 50%,50,on,16,0.99,point-uniform,256,3,24273055,5726911,80.91
l2_e1_leaf50,e1,leaf 50%,50,on,16,0.99,point-uniform,256,4,24274192,5725774,80.914
l2_e1_leaf50,e1,leaf 50%,50,on,16,0.99,point-uniform,256,5,24274192,5725774,80.914
l2_e1_leaf50,e1,leaf 50%,50,on,16,0.99,point-uniform,256,6,24274192,5725774,80.914
l2_e1_leaf50,e1,leaf 50%,50,on,16,0.99,point-uniform,256,7,24274192,5725774,80.914
l2_e1_leaf50,e1,leaf 50%,50,on,16,0.99,point-uniform,256,8,24274192,5725774,80.914
l2_e1_leaf50,e1,leaf 50%,50,on,16,0.99,point-uniform,256,9,24274192,5725774,80.914
l2_e1_leaf50,e1,leaf 50%,50,on,16,0.99,point-zipf,256,0,18123030,10471983,63.378
l2_e1_leaf50,e1,leaf 50%,50,on,16,0.99,point-zipf,256,1,26433887,2161126,92.442
l2_e1_leaf50,e1,leaf 50%,50,on,16,0.99,point-zipf,256,2,26896448,1698565,94.06
l2_e1_leaf50,e1,leaf 50%,50,on,16,0.99,point-zipf,256,3,26911722,1683291,94.113
l2_e1_leaf50,e1,leaf 50%,50,on,16,0.99,point-zipf,256,4,26912044,1682969,94.114
l2_e1_leaf50,e1,leaf 50%,50,on,16,0.99,point-zipf,256,5,26912044,1682969,94.114
l2_e1_leaf50,e1,leaf 50%,50,on,16,0.99,point-zipf,256,6,26912044,1682969,94.114
l2_e1_leaf50,e1,leaf 50%,50,on,16,0.99,point-zipf,256,7,26912044,1682969,94.114
l2_e1_leaf50,e1,leaf 50%,50,on,16,0.99,point-zipf,256,8,26912044,1682969,94.114
l2_e1_leaf50,e1,leaf 50%,50,on,16,0.99,point-zipf,256,9,26912044,1682969,94.114
l2_e1_leaf50,e1,leaf 50%,50,on,16,0.99,point-uniform,512,0,2515804,27484167,8.386
l2_e1_leaf50,e1,leaf 50%,50,on,16,0.99,point-uniform,512,1,29997887,2084,99.993
l2_e1_leaf50,e1,leaf 50%,50,on,16,0.99,point-uniform,512,2,29998207,1764,99.994
l2_e1_leaf50,e1,leaf 50%,50,on,16,0.99,point-uniform,512,3,29998207,1764,99.994
l2_e1_leaf50,e1,leaf 50%,50,on,16,0.99,point-uniform,512,4,29998207,1764,99.994
l2_e1_leaf50,e1,leaf 50%,50,on,16,0.99,point-uniform,512,5,29998207,1764,99.994
l2_e1_leaf50,e1,leaf 50%,50,on,16,0.99,point-uniform,512,6,29998207,1764,99.994
l2_e1_leaf50,e1,leaf 50%,50,on,16,0.99,point-uniform,512,7,29998207,1764,99.994
l2_e1_leaf50,e1,leaf 50%,50,on,16,0.99,point-uniform,512,8,29998207,1764,99.994
l2_e1_leaf50,e1,leaf 50%,50,on,16,0.99,point-uniform,512,9,29998207,1764,99.994
l2_e1_leaf50,e1,leaf 50%,50,on,16,0.99,point-zipf,512,0,19764478,8865901,69.033
l2_e1_leaf50,e1,leaf 50%,50,on,16,0.99,point-zipf,512,1,28197190,433189,98.487
l2_e1_leaf50,e1,leaf 50%,50,on,16,0.99,point-zipf,512,2,28273217,357162,98.753
l2_e1_leaf50,e1,leaf 50%,50,on,16,0.99,point-zipf,512,3,28273217,357162,98.753
l2_e1_leaf50,e1,leaf 50%,50,on,16,0.99,point-zipf,512,4,28273217,357162,98.753
l2_e1_leaf50,e1,leaf 50%,50,on,16,0.99,point-zipf,512,5,28273217,357162,98.753
l2_e1_leaf50,e1,leaf 50%,50,on,16,0.99,point-zipf,512,6,28273217,357162,98.753
l2_e1_leaf50,e1,leaf 50%,50,on,16,0.99,point-zipf,512,7,28273217,357162,98.753
l2_e1_leaf50,e1,leaf 50%,50,on,16,0.99,point-zipf,512,8,28273217,357162,98.753
l2_e1_leaf50,e1,leaf 50%,50,on,16,0.99,point-zipf,512,9,28273217,357162,98.753
l2_e1_leaf50,e1,leaf 50%,50,on,16,0.99,point-uniform,1024,0,5030962,24969006,16.77
l2_e1_leaf50,e1,leaf 50%,50,on,16,0.99,point-uniform,1024,1,29997857,2111,99.993
l2_e1_leaf50,e1,leaf 50%,50,on,16,0.99,point-uniform,1024,2,29998199,1769,99.994
l2_e1_leaf50,e1,leaf 50%,50,on,16,0.99,point-uniform,1024,3,29998199,1769,99.994
l2_e1_leaf50,e1,leaf 50%,50,on,16,0.99,point-uniform,1024,4,29998199,1769,99.994
l2_e1_leaf50,e1,leaf 50%,50,on,16,0.99,point-uniform,1024,5,29998199,1769,99.994
l2_e1_leaf50,e1,leaf 50%,50,on,16,0.99,point-uniform,1024,6,29998199,1769,99.994
l2_e1_leaf50,e1,leaf 50%,50,on,16,0.99,point-uniform,1024,7,29998199,1769,99.994
l2_e1_leaf50,e1,leaf 50%,50,on,16,0.99,point-uniform,1024,8,29998199,1769,99.994
l2_e1_leaf50,e1,leaf 50%,50,on,16,0.99,point-uniform,1024,9,29998199,1769,99.994
l2_e1_leaf50,e1,leaf 50%,50,on,16,0.99,point-zipf,1024,0,21582829,6995613,75.521
l2_e1_leaf50,e1,leaf 50%,50,on,16,0.99,point-zipf,1024,1,28148778,429664,98.497
l2_e1_leaf50,e1,leaf 50%,50,on,16,0.99,point-zipf,1024,2,28225553,352889,98.765
l2_e1_leaf50,e1,leaf 50%,50,on,16,0.99,point-zipf,1024,3,28225553,352889,98.765
l2_e1_leaf50,e1,leaf 50%,50,on,16,0.99,point-zipf,1024,4,28225553,352889,98.765
l2_e1_leaf50,e1,leaf 50%,50,on,16,0.99,point-zipf,1024,5,28225553,352889,98.765
l2_e1_leaf50,e1,leaf 50%,50,on,16,0.99,point-zipf,1024,6,28225553,352889,98.765
l2_e1_leaf50,e1,leaf 50%,50,on,16,0.99,point-zipf,1024,7,28225553,352889,98.765
l2_e1_leaf50,e1,leaf 50%,50,on,16,0.99,point-zipf,1024,8,28225553,352889,98.765
l2_e1_leaf50,e1,leaf 50%,50,on,16,0.99,point-zipf,1024,9,28225553,352889,98.765
l2_e1_leaf75,e1,leaf 75%,75,off,0,0.99,point-uniform,64,0,628000,29371970,2.093
l2_e1_leaf75,e1,leaf 75%,75,off,0,0.99,point-uniform,64,1,1298394,28701576,4.328
l2_e1_leaf75,e1,leaf 75%,75,off,0,0.99,point-uniform,64,2,6814411,23185559,22.715
l2_e1_leaf75,e1,leaf 75%,75,off,0,0.99,point-uniform,64,3,15304535,14695435,51.015
l2_e1_leaf75,e1,leaf 75%,75,off,0,0.99,point-uniform,64,4,15992645,14007325,53.309
l2_e1_leaf75,e1,leaf 75%,75,off,0,0.99,point-uniform,64,5,16031234,13968736,53.438
l2_e1_leaf75,e1,leaf 75%,75,off,0,0.99,point-uniform,64,6,16032017,13967953,53.44
l2_e1_leaf75,e1,leaf 75%,75,off,0,0.99,point-uniform,64,7,16032025,13967945,53.44
l2_e1_leaf75,e1,leaf 75%,75,off,0,0.99,point-uniform,64,8,16032025,13967945,53.44
l2_e1_leaf75,e1,leaf 75%,75,off,0,0.99,point-uniform,64,9,16032025,13967945,53.44
l2_e1_leaf75,e1,leaf 75%,75,off,0,0.99,point-zipf,64,0,17667953,11902884,59.748
l2_e1_leaf75,e1,leaf 75%,75,off,0,0.99,point-zipf,64,1,15747873,13822964,53.255
l2_e1_leaf75,e1,leaf 75%,75,off,0,0.99,point-zipf,64,2,18235376,11335461,61.667
l2_e1_leaf75,e1,leaf 75%,75,off,0,0.99,point-zipf,64,3,21487429,8083408,72.664
l2_e1_leaf75,e1,leaf 75%,75,off,0,0.99,point-zipf,64,4,21996841,7573996,74.387
l2_e1_leaf75,e1,leaf 75%,75,off,0,0.99,point-zipf,64,5,22016441,7554396,74.453
l2_e1_leaf75,e1,leaf 75%,75,off,0,0.99,point-zipf,64,6,22016949,7553888,74.455
l2_e1_leaf75,e1,leaf 75%,75,off,0,0.99,point-zipf,64,7,22016952,7553885,74.455
l2_e1_leaf75,e1,leaf 75%,75,off,0,0.99,point-zipf,64,8,22016952,7553885,74.455
l2_e1_leaf75,e1,leaf 75%,75,off,0,0.99,point-zipf,64,9,22016952,7553885,74.455
l2_e1_leaf75,e1,leaf 75%,75,off,0,0.99,point-uniform,128,0,1258066,28741909,4.194
l2_e1_leaf75,e1,leaf 75%,75,off,0,0.99,point-uniform,128,1,3407049,26592926,11.357
l2_e1_leaf75,e1,leaf 75%,75,off,0,0.99,point-uniform,128,2,12903270,17096705,43.011
l2_e1_leaf75,e1,leaf 75%,75,off,0,0.99,point-uniform,128,3,17366497,12633478,57.888
l2_e1_leaf75,e1,leaf 75%,75,off,0,0.99,point-uniform,128,4,17449204,12550771,58.164
l2_e1_leaf75,e1,leaf 75%,75,off,0,0.99,point-uniform,128,5,17453307,12546668,58.178
l2_e1_leaf75,e1,leaf 75%,75,off,0,0.99,point-uniform,128,6,17453364,12546611,58.178
l2_e1_leaf75,e1,leaf 75%,75,off,0,0.99,point-uniform,128,7,17453364,12546611,58.178
l2_e1_leaf75,e1,leaf 75%,75,off,0,0.99,point-uniform,128,8,17453364,12546611,58.178
l2_e1_leaf75,e1,leaf 75%,75,off,0,0.99,point-uniform,128,9,17453364,12546611,58.178
l2_e1_leaf75,e1,leaf 75%,75,off,0,0.99,point-zipf,128,0,19061243,10483016,64.518
l2_e1_leaf75,e1,leaf 75%,75,off,0,0.99,point-zipf,128,1,18407485,11136774,62.305
l2_e1_leaf75,e1,leaf 75%,75,off,0,0.99,point-zipf,128,2,21727158,7817101,73.541
l2_e1_leaf75,e1,leaf 75%,75,off,0,0.99,point-zipf,128,3,23363093,6181166,79.078
l2_e1_leaf75,e1,leaf 75%,75,off,0,0.99,point-zipf,128,4,23439683,6104576,79.338
l2_e1_leaf75,e1,leaf 75%,75,off,0,0.99,point-zipf,128,5,23442507,6101752,79.347
l2_e1_leaf75,e1,leaf 75%,75,off,0,0.99,point-zipf,128,6,23442547,6101712,79.347
l2_e1_leaf75,e1,leaf 75%,75,off,0,0.99,point-zipf,128,7,23442547,6101712,79.347
l2_e1_leaf75,e1,leaf 75%,75,off,0,0.99,point-zipf,128,8,23442547,6101712,79.347
l2_e1_leaf75,e1,leaf 75%,75,off,0,0.99,point-zipf,128,9,23442547,6101712,79.347
l2_e1_leaf75,e1,leaf 75%,75,off,0,0.99,point-uniform,256,0,2518085,27481889,8.394
l2_e1_leaf75,e1,leaf 75%,75,off,0,0.99,point-uniform,256,1,8933189,21066785,29.777
l2_e1_leaf75,e1,leaf 75%,75,off,0,0.99,point-uniform,256,2,19440926,10559048,64.803
l2_e1_leaf75,e1,leaf 75%,75,off,0,0.99,point-uniform,256,3,19909346,10090628,66.365
l2_e1_leaf75,e1,leaf 75%,75,off,0,0.99,point-uniform,256,4,19929031,10070943,66.43
l2_e1_leaf75,e1,leaf 75%,75,off,0,0.99,point-uniform,256,5,19929408,10070566,66.431
l2_e1_leaf75,e1,leaf 75%,75,off,0,0.99,point-uniform,256,6,19929413,10070561,66.431
l2_e1_leaf75,e1,leaf 75%,75,off,0,0.99,point-uniform,256,7,19929413,10070561,66.431
l2_e1_leaf75,e1,leaf 75%,75,off,0,0.99,point-uniform,256,8,19929413,10070561,66.431
l2_e1_leaf75,e1,leaf 75%,75,off,0,0.99,point-uniform,256,9,19929413,10070561,66.431
l2_e1_leaf75,e1,leaf 75%,75,off,0,0.99,point-zipf,256,0,20511861,8892285,69.758
l2_e1_leaf75,e1,leaf 75%,75,off,0,0.99,point-zipf,256,1,22028097,7376049,74.915
l2_e1_leaf75,e1,leaf 75%,75,off,0,0.99,point-zipf,256,2,24741122,4663024,84.142
l2_e1_leaf75,e1,leaf 75%,75,off,0,0.99,point-zipf,256,3,25014537,4389609,85.071
l2_e1_leaf75,e1,leaf 75%,75,off,0,0.99,point-zipf,256,4,25025439,4378707,85.109
l2_e1_leaf75,e1,leaf 75%,75,off,0,0.99,point-zipf,256,5,25025666,4378480,85.109
l2_e1_leaf75,e1,leaf 75%,75,off,0,0.99,point-zipf,256,6,25025667,4378479,85.109
l2_e1_leaf75,e1,leaf 75%,75,off,0,0.99,point-zipf,256,7,25025667,4378479,85.109
l2_e1_leaf75,e1,leaf 75%,75,off,0,0.99,point-zipf,256,8,25025667,4378479,85.109
l2_e1_leaf75,e1,leaf 75%,75,off,0,0.99,point-zipf,256,9,25025667,4378479,85.109
l2_e1_leaf75,e1,leaf 75%,75,off,0,0.99,point-uniform,512,0,5037016,24962948,16.79
l2_e1_leaf75,e1,leaf 75%,75,off,0,0.99,point-uniform,512,1,22686743,7313221,75.623
l2_e1_leaf75,e1,leaf 75%,75,off,0,0.99,point-uniform,512,2,24212954,5787010,80.71
l2_e1_leaf75,e1,leaf 75%,75,off,0,0.99,point-uniform,512,3,24281314,5718650,80.938
l2_e1_leaf75,e1,leaf 75%,75,off,0,0.99,point-uniform,512,4,24282796,5717168,80.943
l2_e1_leaf75,e1,leaf 75%,75,off,0,0.99,point-uniform,512,5,24282808,5717156,80.943
l2_e1_leaf75,e1,leaf 75%,75,off,0,0.99,point-uniform,512,6,24282808,5717156,80.943
l2_e1_leaf75,e1,leaf 75%,75,off,0,0.99,point-uniform,512,7,24282808,5717156,80.943
l2_e1_leaf75,e1,leaf 75%,75,off,0,0.99,point-uniform,512,8,24282808,5717156,80.943
l2_e1_leaf75,e1,leaf 75%,75,off,0,0.99,point-uniform,512,9,24282808,5717156,80.943
l2_e1_leaf75,e1,leaf 75%,75,off,0,0.99,point-zipf,512,0,22010000,7009439,75.846
l2_e1_leaf75,e1,leaf 75%,75,off,0,0.99,point-zipf,512,1,26914665,2104774,92.747
l2_e1_leaf75,e1,leaf 75%,75,off,0,0.99,point-zipf,512,2,27352922,1666517,94.257
l2_e1_leaf75,e1,leaf 75%,75,off,0,0.99,point-zipf,512,3,27370054,1649385,94.316
l2_e1_leaf75,e1,leaf 75%,75,off,0,0.99,point-zipf,512,4,27370324,1649115,94.317
l2_e1_leaf75,e1,leaf 75%,75,off,0,0.99,point-zipf,512,5,27370326,1649113,94.317
l2_e1_leaf75,e1,leaf 75%,75,off,0,0.99,point-zipf,512,6,27370326,1649113,94.317
l2_e1_leaf75,e1,leaf 75%,75,off,0,0.99,point-zipf,512,7,27370326,1649113,94.317
l2_e1_leaf75,e1,leaf 75%,75,off,0,0.99,point-zipf,512,8,27370326,1649113,94.317
l2_e1_leaf75,e1,leaf 75%,75,off,0,0.99,point-zipf,512,9,27370326,1649113,94.317
l2_e1_leaf75,e1,leaf 75%,75,off,0,0.99,point-uniform,1024,0,10067907,19932052,33.56
l2_e1_leaf75,e1,leaf 75%,75,off,0,0.99,point-uniform,1024,1,29999889,70,100.0
l2_e1_leaf75,e1,leaf 75%,75,off,0,0.99,point-uniform,1024,2,29999896,63,100.0
l2_e1_leaf75,e1,leaf 75%,75,off,0,0.99,point-uniform,1024,3,29999896,63,100.0
l2_e1_leaf75,e1,leaf 75%,75,off,0,0.99,point-uniform,1024,4,29999896,63,100.0
l2_e1_leaf75,e1,leaf 75%,75,off,0,0.99,point-uniform,1024,5,29999896,63,100.0
l2_e1_leaf75,e1,leaf 75%,75,off,0,0.99,point-uniform,1024,6,29999896,63,100.0
l2_e1_leaf75,e1,leaf 75%,75,off,0,0.99,point-uniform,1024,7,29999896,63,100.0
l2_e1_leaf75,e1,leaf 75%,75,off,0,0.99,point-uniform,1024,8,29999896,63,100.0
l2_e1_leaf75,e1,leaf 75%,75,off,0,0.99,point-uniform,1024,9,29999896,63,100.0
l2_e1_leaf75,e1,leaf 75%,75,off,0,0.99,point-zipf,1024,0,23700707,4739488,83.335
l2_e1_leaf75,e1,leaf 75%,75,off,0,0.99,point-zipf,1024,1,28375566,64629,99.773
l2_e1_leaf75,e1,leaf 75%,75,off,0,0.99,point-zipf,1024,2,28386873,53322,99.813
l2_e1_leaf75,e1,leaf 75%,75,off,0,0.99,point-zipf,1024,3,28386873,53322,99.813
l2_e1_leaf75,e1,leaf 75%,75,off,0,0.99,point-zipf,1024,4,28386873,53322,99.813
l2_e1_leaf75,e1,leaf 75%,75,off,0,0.99,point-zipf,1024,5,28386873,53322,99.813
l2_e1_leaf75,e1,leaf 75%,75,off,0,0.99,point-zipf,1024,6,28386873,53322,99.813
l2_e1_leaf75,e1,leaf 75%,75,off,0,0.99,point-zipf,1024,7,28386873,53322,99.813
l2_e1_leaf75,e1,leaf 75%,75,off,0,0.99,point-zipf,1024,8,28386873,53322,99.813
l2_e1_leaf75,e1,leaf 75%,75,off,0,0.99,point-zipf,1024,9,28386873,53322,99.813
l2_e1_leaf75,e1,leaf 75%,75,on,16,0.99,point-uniform,64,0,178663,29821305,0.596
l2_e1_leaf75,e1,leaf 75%,75,on,16,0.99,point-uniform,64,1,1297007,28702961,4.323
l2_e1_leaf75,e1,leaf 75%,75,on,16,0.99,point-uniform,64,2,6806828,23193140,22.689
l2_e1_leaf75,e1,leaf 75%,75,on,16,0.99,point-uniform,64,3,15208332,14791636,50.694
l2_e1_leaf75,e1,leaf 75%,75,on,16,0.99,point-uniform,64,4,15899408,14100560,52.998
l2_e1_leaf75,e1,leaf 75%,75,on,16,0.99,point-uniform,64,5,15943943,14056025,53.147
l2_e1_leaf75,e1,leaf 75%,75,on,16,0.99,point-uniform,64,6,15945881,14054087,53.153
l2_e1_leaf75,e1,leaf 75%,75,on,16,0.99,point-uniform,64,7,15945881,14054087,53.153
l2_e1_leaf75,e1,leaf 75%,75,on,16,0.99,point-uniform,64,8,15945881,14054087,53.153
l2_e1_leaf75,e1,leaf 75%,75,on,16,0.99,point-uniform,64,9,15945881,14054087,53.153
l2_e1_leaf75,e1,leaf 75%,75,on,16,0.99,point-zipf,64,0,14439518,14290766,50.259
l2_e1_leaf75,e1,leaf 75%,75,on,16,0.99,point-zipf,64,1,14880471,13849813,51.794
l2_e1_leaf75,e1,leaf 75%,75,on,16,0.99,point-zipf,64,2,17372527,11357757,60.468
l2_e1_leaf75,e1,leaf 75%,75,on,16,0.99,point-zipf,64,3,20542406,8187878,71.501
l2_e1_leaf75,e1,leaf 75%,75,on,16,0.99,point-zipf,64,4,21042896,7687388,73.243
l2_e1_leaf75,e1,leaf 75%,75,on,16,0.99,point-zipf,64,5,21056836,7673448,73.291
l2_e1_leaf75,e1,leaf 75%,75,on,16,0.99,point-zipf,64,6,21056836,7673448,73.291
l2_e1_leaf75,e1,leaf 75%,75,on,16,0.99,point-zipf,64,7,21056836,7673448,73.291
l2_e1_leaf75,e1,leaf 75%,75,on,16,0.99,point-zipf,64,8,21056836,7673448,73.291
l2_e1_leaf75,e1,leaf 75%,75,on,16,0.99,point-zipf,64,9,21056836,7673448,73.291
l2_e1_leaf75,e1,leaf 75%,75,on,16,0.99,point-uniform,128,0,429587,29570384,1.432
l2_e1_leaf75,e1,leaf 75%,75,on,16,0.99,point-uniform,128,1,3391806,26608165,11.306
l2_e1_leaf75,e1,leaf 75%,75,on,16,0.99,point-uniform,128,2,12935089,17064882,43.117
l2_e1_leaf75,e1,leaf 75%,75,on,16,0.99,point-uniform,128,3,17247141,12752830,57.491
l2_e1_leaf75,e1,leaf 75%,75,on,16,0.99,point-uniform,128,4,17347922,12652049,57.826
l2_e1_leaf75,e1,leaf 75%,75,on,16,0.99,point-uniform,128,5,17353688,12646283,57.846
l2_e1_leaf75,e1,leaf 75%,75,on,16,0.99,point-uniform,128,6,17353688,12646283,57.846
l2_e1_leaf75,e1,leaf 75%,75,on,16,0.99,point-uniform,128,7,17353688,12646283,57.846
l2_e1_leaf75,e1,leaf 75%,75,on,16,0.99,point-uniform,128,8,17353688,12646283,57.846
l2_e1_leaf75,e1,leaf 75%,75,on,16,0.99,point-uniform,128,9,17353688,12646283,57.846
l2_e1_leaf75,e1,leaf 75%,75,on,16,0.99,point-zipf,128,0,16463396,12253748,57.33
l2_e1_leaf75,e1,leaf 75%,75,on,16,0.99,point-zipf,128,1,17546564,11170580,61.101
l2_e1_leaf75,e1,leaf 75%,75,on,16,0.99,point-zipf,128,2,20845904,7871240,72.59
l2_e1_leaf75,e1,leaf 75%,75,on,16,0.99,point-zipf,128,3,22455076,6262068,78.194
l2_e1_leaf75,e1,leaf 75%,75,on,16,0.99,point-zipf,128,4,22537510,6179634,78.481
l2_e1_leaf75,e1,leaf 75%,75,on,16,0.99,point-zipf,128,5,22539503,6177641,78.488
l2_e1_leaf75,e1,leaf 75%,75,on,16,0.99,point-zipf,128,6,22539503,6177641,78.488
l2_e1_leaf75,e1,leaf 75%,75,on,16,0.99,point-zipf,128,7,22539503,6177641,78.488
l2_e1_leaf75,e1,leaf 75%,75,on,16,0.99,point-zipf,128,8,22539503,6177641,78.488
l2_e1_leaf75,e1,leaf 75%,75,on,16,0.99,point-zipf,128,9,22539503,6177641,78.488
l2_e1_leaf75,e1,leaf 75%,75,on,16,0.99,point-uniform,256,0,1264814,28735161,4.216
l2_e1_leaf75,e1,leaf 75%,75,on,16,0.99,point-uniform,256,1,8933192,21066783,29.777
l2_e1_leaf75,e1,leaf 75%,75,on,16,0.99,point-uniform,256,2,19267438,10732537,64.225
l2_e1_leaf75,e1,leaf 75%,75,on,16,0.99,point-uniform,256,3,19757257,10242718,65.858
l2_e1_leaf75,e1,leaf 75%,75,on,16,0.99,point-uniform,256,4,19776553,10223422,65.922
l2_e1_leaf75,e1,leaf 75%,75,on,16,0.99,point-uniform,256,5,19776553,10223422,65.922
l2_e1_leaf75,e1,leaf 75%,75,on,16,0.99,point-uniform,256,6,19776553,10223422,65.922
l2_e1_leaf75,e1,leaf 75%,75,on,16,0.99,point-uniform,256,7,19776553,10223422,65.922
l2_e1_leaf75,e1,leaf 75%,75,on,16,0.99,point-uniform,256,8,19776553,10223422,65.922
l2_e1_leaf75,e1,leaf 75%,75,on,16,0.99,point-uniform,256,9,19776553,10223422,65.922
l2_e1_leaf75,e1,leaf 75%,75,on,16,0.99,point-zipf,256,0,18679327,9966492,65.208
l2_e1_leaf75,e1,leaf 75%,75,on,16,0.99,point-zipf,256,1,21224102,7421717,74.091
l2_e1_leaf75,e1,leaf 75%,75,on,16,0.99,point-zipf,256,2,23893073,4752746,83.409
l2_e1_leaf75,e1,leaf 75%,75,on,16,0.99,point-zipf,256,3,24190059,4455760,84.445
l2_e1_leaf75,e1,leaf 75%,75,on,16,0.99,point-zipf,256,4,24202479,4443340,84.489
l2_e1_leaf75,e1,leaf 75%,75,on,16,0.99,point-zipf,256,5,24202616,4443203,84.489
l2_e1_leaf75,e1,leaf 75%,75,on,16,0.99,point-zipf,256,6,24202616,4443203,84.489
l2_e1_leaf75,e1,leaf 75%,75,on,16,0.99,point-zipf,256,7,24202616,4443203,84.489
l2_e1_leaf75,e1,leaf 75%,75,on,16,0.99,point-zipf,256,8,24202616,4443203,84.489
l2_e1_leaf75,e1,leaf 75%,75,on,16,0.99,point-zipf,256,9,24202616,4443203,84.489
l2_e1_leaf75,e1,leaf 75%,75,on,16,0.99,point-uniform,512,0,4346004,25653972,14.487
l2_e1_leaf75,e1,leaf 75%,75,on,16,0.99,point-uniform,512,1,22657408,7342568,75.525
l2_e1_leaf75,e1,leaf 75%,75,on,16,0.99,point-uniform,512,2,24202048,5797928,80.674
l2_e1_leaf75,e1,leaf 75%,75,on,16,0.99,point-uniform,512,3,24263601,5736375,80.879
l2_e1_leaf75,e1,leaf 75%,75,on,16,0.99,point-uniform,512,4,24265087,5734889,80.884
l2_e1_leaf75,e1,leaf 75%,75,on,16,0.99,point-uniform,512,5,24265087,5734889,80.884
l2_e1_leaf75,e1,leaf 75%,75,on,16,0.99,point-uniform,512,6,24265087,5734889,80.884
l2_e1_leaf75,e1,leaf 75%,75,on,16,0.99,point-uniform,512,7,24265087,5734889,80.884
l2_e1_leaf75,e1,leaf 75%,75,on,16,0.99,point-uniform,512,8,24265087,5734889,80.884
l2_e1_leaf75,e1,leaf 75%,75,on,16,0.99,point-uniform,512,9,24265087,5734889,80.884
l2_e1_leaf75,e1,leaf 75%,75,on,16,0.99,point-zipf,512,0,21238762,7290939,74.444
l2_e1_leaf75,e1,leaf 75%,75,on,16,0.99,point-zipf,512,1,26369573,2160128,92.428
l2_e1_leaf75,e1,leaf 75%,75,on,16,0.99,point-zipf,512,2,26828950,1700751,94.039
l2_e1_leaf75,e1,leaf 75%,75,on,16,0.99,point-zipf,512,3,26843775,1685926,94.091
l2_e1_leaf75,e1,leaf 75%,75,on,16,0.99,point-zipf,512,4,26843941,1685760,94.091
l2_e1_leaf75,e1,leaf 75%,75,on,16,0.99,point-zipf,512,5,26843945,1685756,94.091
l2_e1_leaf75,e1,leaf 75%,75,on,16,0.99,point-zipf,512,6,26843945,1685756,94.091
l2_e1_leaf75,e1,leaf 75%,75,on,16,0.99,point-zipf,512,7,26843945,1685756,94.091
l2_e1_leaf75,e1,leaf 75%,75,on,16,0.99,point-zipf,512,8,26843945,1685756,94.091
l2_e1_leaf75,e1,leaf 75%,75,on,16,0.99,point-zipf,512,9,26843945,1685756,94.091
l2_e1_leaf75,e1,leaf 75%,75,on,16,0.99,point-uniform,1024,0,10068999,19930978,33.563
l2_e1_leaf75,e1,leaf 75%,75,on,16,0.99,point-uniform,1024,1,29998186,1791,99.994
l2_e1_leaf75,e1,leaf 75%,75,on,16,0.99,point-uniform,1024,2,29998564,1413,99.995
l2_e1_leaf75,e1,leaf 75%,75,on,16,0.99,point-uniform,1024,3,29998564,1413,99.995
l2_e1_leaf75,e1,leaf 75%,75,on,16,0.99,point-uniform,1024,4,29998564,1413,99.995
l2_e1_leaf75,e1,leaf 75%,75,on,16,0.99,point-uniform,1024,5,29998564,1413,99.995
l2_e1_leaf75,e1,leaf 75%,75,on,16,0.99,point-uniform,1024,6,29998564,1413,99.995
l2_e1_leaf75,e1,leaf 75%,75,on,16,0.99,point-uniform,1024,7,29998564,1413,99.995
l2_e1_leaf75,e1,leaf 75%,75,on,16,0.99,point-uniform,1024,8,29998564,1413,99.995
l2_e1_leaf75,e1,leaf 75%,75,on,16,0.99,point-uniform,1024,9,29998564,1413,99.995
l2_e1_leaf75,e1,leaf 75%,75,on,16,0.99,point-zipf,1024,0,23713955,4751517,83.308
l2_e1_leaf75,e1,leaf 75%,75,on,16,0.99,point-zipf,1024,1,28034875,430597,98.487
l2_e1_leaf75,e1,leaf 75%,75,on,16,0.99,point-zipf,1024,2,28111298,354174,98.756
l2_e1_leaf75,e1,leaf 75%,75,on,16,0.99,point-zipf,1024,3,28111298,354174,98.756
l2_e1_leaf75,e1,leaf 75%,75,on,16,0.99,point-zipf,1024,4,28111298,354174,98.756
l2_e1_leaf75,e1,leaf 75%,75,on,16,0.99,point-zipf,1024,5,28111298,354174,98.756
l2_e1_leaf75,e1,leaf 75%,75,on,16,0.99,point-zipf,1024,6,28111298,354174,98.756
l2_e1_leaf75,e1,leaf 75%,75,on,16,0.99,point-zipf,1024,7,28111298,354174,98.756
l2_e1_leaf75,e1,leaf 75%,75,on,16,0.99,point-zipf,1024,8,28111298,354174,98.756
l2_e1_leaf75,e1,leaf 75%,75,on,16,0.99,point-zipf,1024,9,28111298,354174,98.756
l2_e3_both,e3,push both,0,on,16,0.99,mixed-uniform,32,0,0,14997947,0.0
l2_e3_both,e3,push both,0,on,16,0.99,mixed-uniform,32,1,2397199,12600748,15.984
l2_e3_both,e3,push both,0,on,16,0.99,mixed-uniform,32,2,3767221,11230726,25.118
l2_e3_both,e3,push both,0,on,16,0.99,mixed-uniform,32,3,4771626,10226321,31.815
l2_e3_both,e3,push both,0,on,16,0.99,mixed-uniform,32,4,5124656,9873291,34.169
l2_e3_both,e3,push both,0,on,16,0.99,mixed-uniform,32,5,5185592,9812355,34.575
l2_e3_both,e3,push both,0,on,16,0.99,mixed-uniform,32,6,5189477,9808470,34.601
l2_e3_both,e3,push both,0,on,16,0.99,mixed-uniform,32,7,5190554,9807393,34.608
l2_e3_both,e3,push both,0,on,16,0.99,mixed-uniform,32,8,5190554,9807393,34.608
l2_e3_both,e3,push both,0,on,16,0.99,mixed-uniform,32,9,5190554,9807393,34.608
l2_e3_both,e3,push both,0,on,16,0.99,mixed-zipf,32,0,0,14822751,0.0
l2_e3_both,e3,push both,0,on,16,0.99,mixed-zipf,32,1,8526495,6296256,57.523
l2_e3_both,e3,push both,0,on,16,0.99,mixed-zipf,32,2,9168745,5654006,61.856
l2_e3_both,e3,push both,0,on,16,0.99,mixed-zipf,32,3,9630541,5192210,64.971
l2_e3_both,e3,push both,0,on,16,0.99,mixed-zipf,32,4,9799679,5023072,66.112
l2_e3_both,e3,push both,0,on,16,0.99,mixed-zipf,32,5,9827827,4994924,66.302
l2_e3_both,e3,push both,0,on,16,0.99,mixed-zipf,32,6,9828557,4994194,66.307
l2_e3_both,e3,push both,0,on,16,0.99,mixed-zipf,32,7,9828557,4994194,66.307
l2_e3_both,e3,push both,0,on,16,0.99,mixed-zipf,32,8,9828557,4994194,66.307
l2_e3_both,e3,push both,0,on,16,0.99,mixed-zipf,32,9,9828557,4994194,66.307
l2_e3_both,e3,push both,0,on,16,0.99,mixed-uniform,128,0,0,14997947,0.0
l2_e3_both,e3,push both,0,on,16,0.99,mixed-uniform,128,1,11386075,3611872,75.918
l2_e3_both,e3,push both,0,on,16,0.99,mixed-uniform,128,2,12077553,2920394,80.528
l2_e3_both,e3,push both,0,on,16,0.99,mixed-uniform,128,3,12125787,2872160,80.85
l2_e3_both,e3,push both,0,on,16,0.99,mixed-uniform,128,4,12126968,2870979,80.858
l2_e3_both,e3,push both,0,on,16,0.99,mixed-uniform,128,5,12126968,2870979,80.858
l2_e3_both,e3,push both,0,on,16,0.99,mixed-uniform,128,6,12126968,2870979,80.858
l2_e3_both,e3,push both,0,on,16,0.99,mixed-uniform,128,7,12126968,2870979,80.858
l2_e3_both,e3,push both,0,on,16,0.99,mixed-uniform,128,8,12126968,2870979,80.858
l2_e3_both,e3,push both,0,on,16,0.99,mixed-uniform,128,9,12126968,2870979,80.858
l2_e3_both,e3,push both,0,on,16,0.99,mixed-zipf,128,0,0,14799626,0.0
l2_e3_both,e3,push both,0,on,16,0.99,mixed-zipf,128,1,13391395,1408231,90.485
l2_e3_both,e3,push both,0,on,16,0.99,mixed-zipf,128,2,13661079,1138547,92.307
l2_e3_both,e3,push both,0,on,16,0.99,mixed-zipf,128,3,13680106,1119520,92.435
l2_e3_both,e3,push both,0,on,16,0.99,mixed-zipf,128,4,13680847,1118779,92.44
l2_e3_both,e3,push both,0,on,16,0.99,mixed-zipf,128,5,13680847,1118779,92.44
l2_e3_both,e3,push both,0,on,16,0.99,mixed-zipf,128,6,13680847,1118779,92.44
l2_e3_both,e3,push both,0,on,16,0.99,mixed-zipf,128,7,13680847,1118779,92.44
l2_e3_both,e3,push both,0,on,16,0.99,mixed-zipf,128,8,13680847,1118779,92.44
l2_e3_both,e3,push both,0,on,16,0.99,mixed-zipf,128,9,13680847,1118779,92.44
l2_e3_both,e3,push both,0,on,16,0.99,mixed-uniform,512,0,0,14997945,0.0
l2_e3_both,e3,push both,0,on,16,0.99,mixed-uniform,512,1,14997945,0,100.0
l2_e3_both,e3,push both,0,on,16,0.99,mixed-uniform,512,2,14997945,0,100.0
l2_e3_both,e3,push both,0,on,16,0.99,mixed-uniform,512,3,14997945,0,100.0
l2_e3_both,e3,push both,0,on,16,0.99,mixed-uniform,512,4,14997945,0,100.0
l2_e3_both,e3,push both,0,on,16,0.99,mixed-uniform,512,5,14997945,0,100.0
l2_e3_both,e3,push both,0,on,16,0.99,mixed-uniform,512,6,14997945,0,100.0
l2_e3_both,e3,push both,0,on,16,0.99,mixed-uniform,512,7,14997945,0,100.0
l2_e3_both,e3,push both,0,on,16,0.99,mixed-uniform,512,8,14997945,0,100.0
l2_e3_both,e3,push both,0,on,16,0.99,mixed-uniform,512,9,14997945,0,100.0
l2_e3_both,e3,push both,0,on,16,0.99,mixed-zipf,512,0,0,14784574,0.0
l2_e3_both,e3,push both,0,on,16,0.99,mixed-zipf,512,1,14776537,8037,99.946
l2_e3_both,e3,push both,0,on,16,0.99,mixed-zipf,512,2,14778032,6542,99.956
l2_e3_both,e3,push both,0,on,16,0.99,mixed-zipf,512,3,14778032,6542,99.956
l2_e3_both,e3,push both,0,on,16,0.99,mixed-zipf,512,4,14778032,6542,99.956
l2_e3_both,e3,push both,0,on,16,0.99,mixed-zipf,512,5,14778032,6542,99.956
l2_e3_both,e3,push both,0,on,16,0.99,mixed-zipf,512,6,14778032,6542,99.956
l2_e3_both,e3,push both,0,on,16,0.99,mixed-zipf,512,7,14778032,6542,99.956
l2_e3_both,e3,push both,0,on,16,0.99,mixed-zipf,512,8,14778032,6542,99.956
l2_e3_both,e3,push both,0,on,16,0.99,mixed-zipf,512,9,14778032,6542,99.956
l2_e3_lookups,e3,push lookups only,0,on,16,0.99,mixed-uniform,32,0,0,14997936,0.0
l2_e3_lookups,e3,push lookups only,0,on,16,0.99,mixed-uniform,32,1,2397739,12600197,15.987
l2_e3_lookups,e3,push lookups only,0,on,16,0.99,mixed-uniform,32,2,3763160,11234776,25.091
l2_e3_lookups,e3,push lookups only,0,on,16,0.99,mixed-uniform,32,3,4756990,10240946,31.718
l2_e3_lookups,e3,push lookups only,0,on,16,0.99,mixed-uniform,32,4,5132780,9865156,34.223
l2_e3_lookups,e3,push lookups only,0,on,16,0.99,mixed-uniform,32,5,5169882,9828054,34.471
l2_e3_lookups,e3,push lookups only,0,on,16,0.99,mixed-uniform,32,6,5170943,9826993,34.478
l2_e3_lookups,e3,push lookups only,0,on,16,0.99,mixed-uniform,32,7,5170943,9826993,34.478
l2_e3_lookups,e3,push lookups only,0,on,16,0.99,mixed-uniform,32,8,5170943,9826993,34.478
l2_e3_lookups,e3,push lookups only,0,on,16,0.99,mixed-uniform,32,9,5170943,9826993,34.478
l2_e3_lookups,e3,push lookups only,0,on,16,0.99,mixed-zipf,32,0,0,14978202,0.0
l2_e3_lookups,e3,push lookups only,0,on,16,0.99,mixed-zipf,32,1,8687346,6290856,58.0
l2_e3_lookups,e3,push lookups only,0,on,16,0.99,mixed-zipf,32,2,9328049,5650153,62.277
l2_e3_lookups,e3,push lookups only,0,on,16,0.99,mixed-zipf,32,3,9797809,5180393,65.414
l2_e3_lookups,e3,push lookups only,0,on,16,0.99,mixed-zipf,32,4,9966310,5011892,66.539
l2_e3_lookups,e3,push lookups only,0,on,16,0.99,mixed-zipf,32,5,9990653,4987549,66.701
l2_e3_lookups,e3,push lookups only,0,on,16,0.99,mixed-zipf,32,6,9991868,4986334,66.709
l2_e3_lookups,e3,push lookups only,0,on,16,0.99,mixed-zipf,32,7,9991868,4986334,66.709
l2_e3_lookups,e3,push lookups only,0,on,16,0.99,mixed-zipf,32,8,9991868,4986334,66.709
l2_e3_lookups,e3,push lookups only,0,on,16,0.99,mixed-zipf,32,9,9991868,4986334,66.709
l2_e3_lookups,e3,push lookups only,0,on,16,0.99,mixed-uniform,128,0,0,14997942,0.0
l2_e3_lookups,e3,push lookups only,0,on,16,0.99,mixed-uniform,128,1,11386708,3611234,75.922
l2_e3_lookups,e3,push lookups only,0,on,16,0.99,mixed-uniform,128,2,12072932,2925010,80.497
l2_e3_lookups,e3,push lookups only,0,on,16,0.99,mixed-uniform,128,3,12128350,2869592,80.867
l2_e3_lookups,e3,push lookups only,0,on,16,0.99,mixed-uniform,128,4,12129788,2868154,80.876
l2_e3_lookups,e3,push lookups only,0,on,16,0.99,mixed-uniform,128,5,12129788,2868154,80.876
l2_e3_lookups,e3,push lookups only,0,on,16,0.99,mixed-uniform,128,6,12129788,2868154,80.876
l2_e3_lookups,e3,push lookups only,0,on,16,0.99,mixed-uniform,128,7,12129788,2868154,80.876
l2_e3_lookups,e3,push lookups only,0,on,16,0.99,mixed-uniform,128,8,12129788,2868154,80.876
l2_e3_lookups,e3,push lookups only,0,on,16,0.99,mixed-uniform,128,9,12129788,2868154,80.876
l2_e3_lookups,e3,push lookups only,0,on,16,0.99,mixed-zipf,128,0,0,14954482,0.0
l2_e3_lookups,e3,push lookups only,0,on,16,0.99,mixed-zipf,128,1,13544847,1409635,90.574
l2_e3_lookups,e3,push lookups only,0,on,16,0.99,mixed-zipf,128,2,13809171,1145311,92.341
l2_e3_lookups,e3,push lookups only,0,on,16,0.99,mixed-zipf,128,3,13829344,1125138,92.476
l2_e3_lookups,e3,push lookups only,0,on,16,0.99,mixed-zipf,128,4,13829893,1124589,92.48
l2_e3_lookups,e3,push lookups only,0,on,16,0.99,mixed-zipf,128,5,13829893,1124589,92.48
l2_e3_lookups,e3,push lookups only,0,on,16,0.99,mixed-zipf,128,6,13829893,1124589,92.48
l2_e3_lookups,e3,push lookups only,0,on,16,0.99,mixed-zipf,128,7,13829893,1124589,92.48
l2_e3_lookups,e3,push lookups only,0,on,16,0.99,mixed-zipf,128,8,13829893,1124589,92.48
l2_e3_lookups,e3,push lookups only,0,on,16,0.99,mixed-zipf,128,9,13829893,1124589,92.48
l2_e3_lookups,e3,push lookups only,0,on,16,0.99,mixed-uniform,512,0,0,14997948,0.0
l2_e3_lookups,e3,push lookups only,0,on,16,0.99,mixed-uniform,512,1,14997948,0,100.0
l2_e3_lookups,e3,push lookups only,0,on,16,0.99,mixed-uniform,512,2,14997948,0,100.0
l2_e3_lookups,e3,push lookups only,0,on,16,0.99,mixed-uniform,512,3,14997948,0,100.0
l2_e3_lookups,e3,push lookups only,0,on,16,0.99,mixed-uniform,512,4,14997948,0,100.0
l2_e3_lookups,e3,push lookups only,0,on,16,0.99,mixed-uniform,512,5,14997948,0,100.0
l2_e3_lookups,e3,push lookups only,0,on,16,0.99,mixed-uniform,512,6,14997948,0,100.0
l2_e3_lookups,e3,push lookups only,0,on,16,0.99,mixed-uniform,512,7,14997948,0,100.0
l2_e3_lookups,e3,push lookups only,0,on,16,0.99,mixed-uniform,512,8,14997948,0,100.0
l2_e3_lookups,e3,push lookups only,0,on,16,0.99,mixed-uniform,512,9,14997948,0,100.0
l2_e3_lookups,e3,push lookups only,0,on,16,0.99,mixed-zipf,512,0,0,14893947,0.0
l2_e3_lookups,e3,push lookups only,0,on,16,0.99,mixed-zipf,512,1,14885743,8204,99.945
l2_e3_lookups,e3,push lookups only,0,on,16,0.99,mixed-zipf,512,2,14887258,6689,99.955
l2_e3_lookups,e3,push lookups only,0,on,16,0.99,mixed-zipf,512,3,14887258,6689,99.955
l2_e3_lookups,e3,push lookups only,0,on,16,0.99,mixed-zipf,512,4,14887258,6689,99.955
l2_e3_lookups,e3,push lookups only,0,on,16,0.99,mixed-zipf,512,5,14887258,6689,99.955
l2_e3_lookups,e3,push lookups only,0,on,16,0.99,mixed-zipf,512,6,14887258,6689,99.955
l2_e3_lookups,e3,push lookups only,0,on,16,0.99,mixed-zipf,512,7,14887258,6689,99.955
l2_e3_lookups,e3,push lookups only,0,on,16,0.99,mixed-zipf,512,8,14887258,6689,99.955
l2_e3_lookups,e3,push lookups only,0,on,16,0.99,mixed-zipf,512,9,14887258,6689,99.955
l2_e3_pull,e3,pull everything,0,off,0,0.99,mixed-uniform,32,0,0,14997938,0.0
l2_e3_pull,e3,pull everything,0,off,0,0.99,mixed-uniform,32,1,2395650,12602288,15.973
l2_e3_pull,e3,pull everything,0,off,0,0.99,mixed-uniform,32,2,3769118,11228820,25.131
l2_e3_pull,e3,pull everything,0,off,0,0.99,mixed-uniform,32,3,4773188,10224750,31.826
l2_e3_pull,e3,pull everything,0,off,0,0.99,mixed-uniform,32,4,5129223,9868715,34.2
l2_e3_pull,e3,pull everything,0,off,0,0.99,mixed-uniform,32,5,5174986,9822952,34.505
l2_e3_pull,e3,pull everything,0,off,0,0.99,mixed-uniform,32,6,5177062,9820876,34.518
l2_e3_pull,e3,pull everything,0,off,0,0.99,mixed-uniform,32,7,5177092,9820846,34.519
l2_e3_pull,e3,pull everything,0,off,0,0.99,mixed-uniform,32,8,5177092,9820846,34.519
l2_e3_pull,e3,pull everything,0,off,0,0.99,mixed-uniform,32,9,5177092,9820846,34.519
l2_e3_pull,e3,pull everything,0,off,0,0.99,mixed-zipf,32,0,0,14972672,0.0
l2_e3_pull,e3,pull everything,0,off,0,0.99,mixed-zipf,32,1,8696731,6275941,58.084
l2_e3_pull,e3,pull everything,0,off,0,0.99,mixed-zipf,32,2,9338645,5634027,62.371
l2_e3_pull,e3,pull everything,0,off,0,0.99,mixed-zipf,32,3,9800057,5172615,65.453
l2_e3_pull,e3,pull everything,0,off,0,0.99,mixed-zipf,32,4,9965993,5006679,66.561
l2_e3_pull,e3,pull everything,0,off,0,0.99,mixed-zipf,32,5,9988635,4984037,66.712
l2_e3_pull,e3,pull everything,0,off,0,0.99,mixed-zipf,32,6,9989594,4983078,66.719
l2_e3_pull,e3,pull everything,0,off,0,0.99,mixed-zipf,32,7,9989612,4983060,66.719
l2_e3_pull,e3,pull everything,0,off,0,0.99,mixed-zipf,32,8,9989612,4983060,66.719
l2_e3_pull,e3,pull everything,0,off,0,0.99,mixed-zipf,32,9,9989612,4983060,66.719
l2_e3_pull,e3,pull everything,0,off,0,0.99,mixed-uniform,128,0,0,14997942,0.0
l2_e3_pull,e3,pull everything,0,off,0,0.99,mixed-uniform,128,1,11380205,3617737,75.878
l2_e3_pull,e3,pull everything,0,off,0,0.99,mixed-uniform,128,2,12063092,2934850,80.432
l2_e3_pull,e3,pull everything,0,off,0,0.99,mixed-uniform,128,3,12113454,2884488,80.767
l2_e3_pull,e3,pull everything,0,off,0,0.99,mixed-uniform,128,4,12115117,2882825,80.779
l2_e3_pull,e3,pull everything,0,off,0,0.99,mixed-uniform,128,5,12115130,2882812,80.779
l2_e3_pull,e3,pull everything,0,off,0,0.99,mixed-uniform,128,6,12115130,2882812,80.779
l2_e3_pull,e3,pull everything,0,off,0,0.99,mixed-uniform,128,7,12115130,2882812,80.779
l2_e3_pull,e3,pull everything,0,off,0,0.99,mixed-uniform,128,8,12115130,2882812,80.779
l2_e3_pull,e3,pull everything,0,off,0,0.99,mixed-uniform,128,9,12115130,2882812,80.779
l2_e3_pull,e3,pull everything,0,off,0,0.99,mixed-zipf,128,0,0,14944485,0.0
l2_e3_pull,e3,pull everything,0,off,0,0.99,mixed-zipf,128,1,13547084,1397401,90.649
l2_e3_pull,e3,pull everything,0,off,0,0.99,mixed-zipf,128,2,13807531,1136954,92.392
l2_e3_pull,e3,pull everything,0,off,0,0.99,mixed-zipf,128,3,13826940,1117545,92.522
l2_e3_pull,e3,pull everything,0,off,0,0.99,mixed-zipf,128,4,13827607,1116878,92.526
l2_e3_pull,e3,pull everything,0,off,0,0.99,mixed-zipf,128,5,13827611,1116874,92.527
l2_e3_pull,e3,pull everything,0,off,0,0.99,mixed-zipf,128,6,13827611,1116874,92.527
l2_e3_pull,e3,pull everything,0,off,0,0.99,mixed-zipf,128,7,13827611,1116874,92.527
l2_e3_pull,e3,pull everything,0,off,0,0.99,mixed-zipf,128,8,13827611,1116874,92.527
l2_e3_pull,e3,pull everything,0,off,0,0.99,mixed-zipf,128,9,13827611,1116874,92.527
l2_e3_pull,e3,pull everything,0,off,0,0.99,mixed-uniform,512,0,0,14997948,0.0
l2_e3_pull,e3,pull everything,0,off,0,0.99,mixed-uniform,512,1,14997948,0,100.0
l2_e3_pull,e3,pull everything,0,off,0,0.99,mixed-uniform,512,2,14997948,0,100.0
l2_e3_pull,e3,pull everything,0,off,0,0.99,mixed-uniform,512,3,14997948,0,100.0
l2_e3_pull,e3,pull everything,0,off,0,0.99,mixed-uniform,512,4,14997948,0,100.0
l2_e3_pull,e3,pull everything,0,off,0,0.99,mixed-uniform,512,5,14997948,0,100.0
l2_e3_pull,e3,pull everything,0,off,0,0.99,mixed-uniform,512,6,14997948,0,100.0
l2_e3_pull,e3,pull everything,0,off,0,0.99,mixed-uniform,512,7,14997948,0,100.0
l2_e3_pull,e3,pull everything,0,off,0,0.99,mixed-uniform,512,8,14997948,0,100.0
l2_e3_pull,e3,pull everything,0,off,0,0.99,mixed-uniform,512,9,14997948,0,100.0
l2_e3_pull,e3,pull everything,0,off,0,0.99,mixed-zipf,512,0,0,14883293,0.0
l2_e3_pull,e3,pull everything,0,off,0,0.99,mixed-zipf,512,1,14882677,616,99.996
l2_e3_pull,e3,pull everything,0,off,0,0.99,mixed-zipf,512,2,14882782,511,99.997
l2_e3_pull,e3,pull everything,0,off,0,0.99,mixed-zipf,512,3,14882782,511,99.997
l2_e3_pull,e3,pull everything,0,off,0,0.99,mixed-zipf,512,4,14882782,511,99.997
l2_e3_pull,e3,pull everything,0,off,0,0.99,mixed-zipf,512,5,14882782,511,99.997
l2_e3_pull,e3,pull everything,0,off,0,0.99,mixed-zipf,512,6,14882782,511,99.997
l2_e3_pull,e3,pull everything,0,off,0,0.99,mixed-zipf,512,7,14882782,511,99.997
l2_e3_pull,e3,pull everything,0,off,0,0.99,mixed-zipf,512,8,14882782,511,99.997
l2_e3_pull,e3,pull everything,0,off,0,0.99,mixed-zipf,512,9,14882782,511,99.997
l2_e3_scans,e3,push scans only,0,on,16,0.99,mixed-uniform,32,0,0,14997934,0.0
l2_e3_scans,e3,push scans only,0,on,16,0.99,mixed-uniform,32,1,2183306,12814628,14.557
l2_e3_scans,e3,push scans only,0,on,16,0.99,mixed-uniform,32,2,4177466,10820468,27.854
l2_e3_scans,e3,push scans only,0,on,16,0.99,mixed-uniform,32,3,5430414,9567520,36.208
l2_e3_scans,e3,push scans only,0,on,16,0.99,mixed-uniform,32,4,5683038,9314896,37.892
l2_e3_scans,e3,push scans only,0,on,16,0.99,mixed-uniform,32,5,5700704,9297230,38.01
l2_e3_scans,e3,push scans only,0,on,16,0.99,mixed-uniform,32,6,5701091,9296843,38.013
l2_e3_scans,e3,push scans only,0,on,16,0.99,mixed-uniform,32,7,5701094,9296840,38.013
l2_e3_scans,e3,push scans only,0,on,16,0.99,mixed-uniform,32,8,5701094,9296840,38.013
l2_e3_scans,e3,push scans only,0,on,16,0.99,mixed-uniform,32,9,5701094,9296840,38.013
l2_e3_scans,e3,push scans only,0,on,16,0.99,mixed-zipf,32,0,0,14876315,0.0
l2_e3_scans,e3,push scans only,0,on,16,0.99,mixed-zipf,32,1,9205214,5671101,61.878
l2_e3_scans,e3,push scans only,0,on,16,0.99,mixed-zipf,32,2,10070662,4805653,67.696
l2_e3_scans,e3,push scans only,0,on,16,0.99,mixed-zipf,32,3,10605317,4270998,71.29
l2_e3_scans,e3,push scans only,0,on,16,0.99,mixed-zipf,32,4,10717141,4159174,72.042
l2_e3_scans,e3,push scans only,0,on,16,0.99,mixed-zipf,32,5,10724929,4151386,72.094
l2_e3_scans,e3,push scans only,0,on,16,0.99,mixed-zipf,32,6,10725079,4151236,72.095
l2_e3_scans,e3,push scans only,0,on,16,0.99,mixed-zipf,32,7,10725083,4151232,72.095
l2_e3_scans,e3,push scans only,0,on,16,0.99,mixed-zipf,32,8,10725083,4151232,72.095
l2_e3_scans,e3,push scans only,0,on,16,0.99,mixed-zipf,32,9,10725083,4151232,72.095
l2_e3_scans,e3,push scans only,0,on,16,0.99,mixed-uniform,128,0,0,14997945,0.0
l2_e3_scans,e3,push scans only,0,on,16,0.99,mixed-uniform,128,1,11354851,3643094,75.709
l2_e3_scans,e3,push scans only,0,on,16,0.99,mixed-uniform,128,2,12047853,2950092,80.33
l2_e3_scans,e3,push scans only,0,on,16,0.99,mixed-uniform,128,3,12086007,2911938,80.584
l2_e3_scans,e3,push scans only,0,on,16,0.99,mixed-uniform,128,4,12086843,2911102,80.59
l2_e3_scans,e3,push scans only,0,on,16,0.99,mixed-uniform,128,5,12086850,2911095,80.59
l2_e3_scans,e3,push scans only,0,on,16,0.99,mixed-uniform,128,6,12086850,2911095,80.59
l2_e3_scans,e3,push scans only,0,on,16,0.99,mixed-uniform,128,7,12086850,2911095,80.59
l2_e3_scans,e3,push scans only,0,on,16,0.99,mixed-uniform,128,8,12086850,2911095,80.59
l2_e3_scans,e3,push scans only,0,on,16,0.99,mixed-uniform,128,9,12086850,2911095,80.59
l2_e3_scans,e3,push scans only,0,on,16,0.99,mixed-zipf,128,0,0,14826138,0.0
l2_e3_scans,e3,push scans only,0,on,16,0.99,mixed-zipf,128,1,13595601,1230537,91.7
l2_e3_scans,e3,push scans only,0,on,16,0.99,mixed-zipf,128,2,13833037,993101,93.302
l2_e3_scans,e3,push scans only,0,on,16,0.99,mixed-zipf,128,3,13846070,980068,93.39
l2_e3_scans,e3,push scans only,0,on,16,0.99,mixed-zipf,128,4,13846383,979755,93.392
l2_e3_scans,e3,push scans only,0,on,16,0.99,mixed-zipf,128,5,13846387,979751,93.392
l2_e3_scans,e3,push scans only,0,on,16,0.99,mixed-zipf,128,6,13846387,979751,93.392
l2_e3_scans,e3,push scans only,0,on,16,0.99,mixed-zipf,128,7,13846387,979751,93.392
l2_e3_scans,e3,push scans only,0,on,16,0.99,mixed-zipf,128,8,13846387,979751,93.392
l2_e3_scans,e3,push scans only,0,on,16,0.99,mixed-zipf,128,9,13846387,979751,93.392
l2_e3_scans,e3,push scans only,0,on,16,0.99,mixed-uniform,512,0,0,14997946,0.0
l2_e3_scans,e3,push scans only,0,on,16,0.99,mixed-uniform,512,1,14997946,0,100.0
l2_e3_scans,e3,push scans only,0,on,16,0.99,mixed-uniform,512,2,14997946,0,100.0
l2_e3_scans,e3,push scans only,0,on,16,0.99,mixed-uniform,512,3,14997946,0,100.0
l2_e3_scans,e3,push scans only,0,on,16,0.99,mixed-uniform,512,4,14997946,0,100.0
l2_e3_scans,e3,push scans only,0,on,16,0.99,mixed-uniform,512,5,14997946,0,100.0
l2_e3_scans,e3,push scans only,0,on,16,0.99,mixed-uniform,512,6,14997946,0,100.0
l2_e3_scans,e3,push scans only,0,on,16,0.99,mixed-uniform,512,7,14997946,0,100.0
l2_e3_scans,e3,push scans only,0,on,16,0.99,mixed-uniform,512,8,14997946,0,100.0
l2_e3_scans,e3,push scans only,0,on,16,0.99,mixed-uniform,512,9,14997946,0,100.0
l2_e3_scans,e3,push scans only,0,on,16,0.99,mixed-zipf,512,0,0,14801789,0.0
l2_e3_scans,e3,push scans only,0,on,16,0.99,mixed-zipf,512,1,14799432,2357,99.984
l2_e3_scans,e3,push scans only,0,on,16,0.99,mixed-zipf,512,2,14799857,1932,99.987
l2_e3_scans,e3,push scans only,0,on,16,0.99,mixed-zipf,512,3,14799857,1932,99.987
l2_e3_scans,e3,push scans only,0,on,16,0.99,mixed-zipf,512,4,14799857,1932,99.987
l2_e3_scans,e3,push scans only,0,on,16,0.99,mixed-zipf,512,5,14799857,1932,99.987
l2_e3_scans,e3,push scans only,0,on,16,0.99,mixed-zipf,512,6,14799857,1932,99.987
l2_e3_scans,e3,push scans only,0,on,16,0.99,mixed-zipf,512,7,14799857,1932,99.987
l2_e3_scans,e3,push scans only,0,on,16,0.99,mixed-zipf,512,8,14799857,1932,99.987
l2_e3_scans,e3,push scans only,0,on,16,0.99,mixed-zipf,512,9,14799857,1932,99.987
l2_e4_stock,e4,stock CHIME (inner nodes only),0,off,0,0.99,point-uniform,16,0,0,29999963,0.0
l2_e4_stock,e4,stock CHIME (inner nodes only),0,off,0,0.99,point-uniform,16,1,1298277,28701686,4.328
l2_e4_stock,e4,stock CHIME (inner nodes only),0,off,0,0.99,point-uniform,16,2,6811507,23188456,22.705
l2_e4_stock,e4,stock CHIME (inner nodes only),0,off,0,0.99,point-uniform,16,3,15304336,14695627,51.015
l2_e4_stock,e4,stock CHIME (inner nodes only),0,off,0,0.99,point-uniform,16,4,15990684,14009279,53.302
l2_e4_stock,e4,stock CHIME (inner nodes only),0,off,0,0.99,point-uniform,16,5,16029072,13970891,53.43
l2_e4_stock,e4,stock CHIME (inner nodes only),0,off,0,0.99,point-uniform,16,6,16029898,13970065,53.433
l2_e4_stock,e4,stock CHIME (inner nodes only),0,off,0,0.99,point-uniform,16,7,16029908,13970055,53.433
l2_e4_stock,e4,stock CHIME (inner nodes only),0,off,0,0.99,point-uniform,16,8,16029908,13970055,53.433
l2_e4_stock,e4,stock CHIME (inner nodes only),0,off,0,0.99,point-uniform,16,9,16029908,13970055,53.433
l2_e4_stock,e4,stock CHIME (inner nodes only),0,off,0,0.99,point-zipf,16,0,0,29577592,0.0
l2_e4_stock,e4,stock CHIME (inner nodes only),0,off,0,0.99,point-zipf,16,1,15754447,13823145,53.265
l2_e4_stock,e4,stock CHIME (inner nodes only),0,off,0,0.99,point-zipf,16,2,18243906,11333686,61.682
l2_e4_stock,e4,stock CHIME (inner nodes only),0,off,0,0.99,point-zipf,16,3,21498517,8079075,72.685
l2_e4_stock,e4,stock CHIME (inner nodes only),0,off,0,0.99,point-zipf,16,4,22006975,7570617,74.404
l2_e4_stock,e4,stock CHIME (inner nodes only),0,off,0,0.99,point-zipf,16,5,22027161,7550431,74.472
l2_e4_stock,e4,stock CHIME (inner nodes only),0,off,0,0.99,point-zipf,16,6,22027741,7549851,74.474
l2_e4_stock,e4,stock CHIME (inner nodes only),0,off,0,0.99,point-zipf,16,7,22027747,7549845,74.474
l2_e4_stock,e4,stock CHIME (inner nodes only),0,off,0,0.99,point-zipf,16,8,22027747,7549845,74.474
l2_e4_stock,e4,stock CHIME (inner nodes only),0,off,0,0.99,point-zipf,16,9,22027747,7549845,74.474
l2_e4_stock,e4,stock CHIME (inner nodes only),0,off,0,0.99,point-uniform,32,0,0,29999967,0.0
l2_e4_stock,e4,stock CHIME (inner nodes only),0,off,0,0.99,point-uniform,32,1,3405234,26594733,11.351
l2_e4_stock,e4,stock CHIME (inner nodes only),0,off,0,0.99,point-uniform,32,2,12903064,17096903,43.01
l2_e4_stock,e4,stock CHIME (inner nodes only),0,off,0,0.99,point-uniform,32,3,17370762,12629205,57.903
l2_e4_stock,e4,stock CHIME (inner nodes only),0,off,0,0.99,point-uniform,32,4,17453312,12546655,58.178
l2_e4_stock,e4,stock CHIME (inner nodes only),0,off,0,0.99,point-uniform,32,5,17457326,12542641,58.191
l2_e4_stock,e4,stock CHIME (inner nodes only),0,off,0,0.99,point-uniform,32,6,17457383,12542584,58.191
l2_e4_stock,e4,stock CHIME (inner nodes only),0,off,0,0.99,point-uniform,32,7,17457383,12542584,58.191
l2_e4_stock,e4,stock CHIME (inner nodes only),0,off,0,0.99,point-uniform,32,8,17457383,12542584,58.191
l2_e4_stock,e4,stock CHIME (inner nodes only),0,off,0,0.99,point-uniform,32,9,17457383,12542584,58.191
l2_e4_stock,e4,stock CHIME (inner nodes only),0,off,0,0.99,point-zipf,32,0,0,29548442,0.0
l2_e4_stock,e4,stock CHIME (inner nodes only),0,off,0,0.99,point-zipf,32,1,18407596,11140846,62.296
l2_e4_stock,e4,stock CHIME (inner nodes only),0,off,0,0.99,point-zipf,32,2,21728246,7820196,73.534
l2_e4_stock,e4,stock CHIME (inner nodes only),0,off,0,0.99,point-zipf,32,3,23366310,6182132,79.078
l2_e4_stock,e4,stock CHIME (inner nodes only),0,off,0,0.99,point-zipf,32,4,23443644,6104798,79.34
l2_e4_stock,e4,stock CHIME (inner nodes only),0,off,0,0.99,point-zipf,32,5,23446387,6102055,79.349
l2_e4_stock,e4,stock CHIME (inner nodes only),0,off,0,0.99,point-zipf,32,6,23446424,6102018,79.349
l2_e4_stock,e4,stock CHIME (inner nodes only),0,off,0,0.99,point-zipf,32,7,23446425,6102017,79.349
l2_e4_stock,e4,stock CHIME (inner nodes only),0,off,0,0.99,point-zipf,32,8,23446425,6102017,79.349
l2_e4_stock,e4,stock CHIME (inner nodes only),0,off,0,0.99,point-zipf,32,9,23446425,6102017,79.349
l2_e4_stock,e4,stock CHIME (inner nodes only),0,off,0,0.99,point-uniform,64,0,0,29999966,0.0
l2_e4_stock,e4,stock CHIME (inner nodes only),0,off,0,0.99,point-uniform,64,1,8933453,21066513,29.778
l2_e4_stock,e4,stock CHIME (inner nodes only),0,off,0,0.99,point-uniform,64,2,19440710,10559256,64.802
l2_e4_stock,e4,stock CHIME (inner nodes only),0,off,0,0.99,point-uniform,64,3,19907724,10092242,66.359
l2_e4_stock,e4,stock CHIME (inner nodes only),0,off,0,0.99,point-uniform,64,4,19926932,10073034,66.423
l2_e4_stock,e4,stock CHIME (inner nodes only),0,off,0,0.99,point-uniform,64,5,19927362,10072604,66.425
l2_e4_stock,e4,stock CHIME (inner nodes only),0,off,0,0.99,point-uniform,64,6,19927363,10072603,66.425
l2_e4_stock,e4,stock CHIME (inner nodes only),0,off,0,0.99,point-uniform,64,7,19927363,10072603,66.425
l2_e4_stock,e4,stock CHIME (inner nodes only),0,off,0,0.99,point-uniform,64,8,19927363,10072603,66.425
l2_e4_stock,e4,stock CHIME (inner nodes only),0,off,0,0.99,point-uniform,64,9,19927363,10072603,66.425
l2_e4_stock,e4,stock CHIME (inner nodes only),0,off,0,0.99,point-zipf,64,0,0,29404474,0.0
l2_e4_stock,e4,stock CHIME (inner nodes only),0,off,0,0.99,point-zipf,64,1,22035734,7368740,74.94
l2_e4_stock,e4,stock CHIME (inner nodes only),0,off,0,0.99,point-zipf,64,2,24744763,4659711,84.153
l2_e4_stock,e4,stock CHIME (inner nodes only),0,off,0,0.99,point-zipf,64,3,25017819,4386655,85.082
l2_e4_stock,e4,stock CHIME (inner nodes only),0,off,0,0.99,point-zipf,64,4,25028894,4375580,85.119
l2_e4_stock,e4,stock CHIME (inner nodes only),0,off,0,0.99,point-zipf,64,5,25029104,4375370,85.12
l2_e4_stock,e4,stock CHIME (inner nodes only),0,off,0,0.99,point-zipf,64,6,25029105,4375369,85.12
l2_e4_stock,e4,stock CHIME (inner nodes only),0,off,0,0.99,point-zipf,64,7,25029105,4375369,85.12
l2_e4_stock,e4,stock CHIME (inner nodes only),0,off,0,0.99,point-zipf,64,8,25029105,4375369,85.12
l2_e4_stock,e4,stock CHIME (inner nodes only),0,off,0,0.99,point-zipf,64,9,25029105,4375369,85.12
