workload,dist,offload,memthreads,cache_mb,throughput_mops,p99_us,miss_rate_pct,leaf_miss_rate_pct,inner_miss_rate_pct,ops_remote_pct,direct_read_per_op,direct_read_bytes_per_op,offload_rpc_per_op,total_remote_ops_per_op,offload_traffic_frac
lookup,uniform,off,2,64,1.15062,45.00,32.1737,4.7374,27.4364,99.99,6.79071,3476.8,0,6.7907,0.0000
lookup,uniform,off,2,128,1.35139,40.00,26.9042,4.7494,22.1548,99.97,5.66291,2899.39,0,5.6629,0.0000
lookup,uniform,off,2,256,1.71078,34.00,21.4827,4.7524,16.7302,99.90,4.516,2312.18,0,4.5160,0.0000
lookup,uniform,off,2,512,2.24509,28.50,15.9166,4.7446,11.1719,99.69,3.34399,1712.12,0,3.3440,0.0000
lookup,zipfian,off,2,64,1.82938,43.50,19.7594,3.4499,16.3096,72.96,4.17619,2138.18,0,4.1762,0.0000
lookup,zipfian,off,2,128,2.30573,38.50,15.2229,3.1953,12.0276,67.31,3.20478,1640.83,0,3.2048,0.0000
lookup,zipfian,off,2,256,3.10771,32.50,11.0614,2.9052,8.1561,61.11,2.32518,1190.49,0,2.3252,0.0000
lookup,zipfian,off,2,512,4.53894,26.00,7.3332,2.5642,4.7690,53.90,1.5405,788.738,0,1.5405,0.0000
range,uniform,off,2,64,0.3664,117.00,12.3384,4.7534,7.5850,100.00,22.3493,11442.8,0,22.3493,0.0000
range,uniform,off,2,128,0.39744,108.50,11.5684,4.7518,6.8165,100.00,20.9445,10723.6,0,20.9445,0.0000
range,uniform,off,2,256,0.42304,104.50,10.6172,4.7438,5.8734,100.00,19.2172,9839.19,0,19.2172,0.0000
range,uniform,off,2,512,0.495392,93.50,9.3281,4.7185,4.6096,100.00,16.8816,8643.39,0,16.8816,0.0000
range,zipfian,off,2,64,0.533248,113.00,8.3970,3.5945,4.8025,82.16,15.3014,7834.27,0,15.3014,0.0000
range,zipfian,off,2,128,0.592768,108.00,7.3819,3.3740,4.0079,77.52,13.4294,6875.81,0,13.4294,0.0000
range,zipfian,off,2,256,0.691968,100.50,6.3065,3.1288,3.1777,72.56,11.4645,5869.8,0,11.4645,0.0000
range,zipfian,off,2,512,0.848704,91.00,5.1093,2.8419,2.2674,67.07,9.28486,4753.84,0,9.2849,0.0000
lookup,uniform,on,2,64,1.91283,30.50,18.4237,0.0000,18.4237,100.00,2.33038,1226.13,1,3.3304,0.3003
lookup,uniform,on,2,128,2.49955,25.00,11.7573,0.0000,11.7573,100.00,1.12107,606.981,1,2.1211,0.4715
lookup,uniform,on,2,256,2.97664,26.50,5.5497,0.0033,5.5464,100.00,0.00545532,35.7928,0.999992,1.0054,0.9946
lookup,uniform,on,2,512,3.32227,22.50,5.3100,0.3099,5.0001,99.74,0.000814737,33.3318,0.997413,0.9982,0.9992
lookup,zipfian,on,2,64,2.90982,28.50,11.1558,0.0643,11.0915,81.16,1.29882,691.767,0.811617,2.1104,0.3846
lookup,zipfian,on,2,128,4.0137,23.00,6.6647,0.0971,6.5676,72.01,0.548211,304.443,0.72007,1.2683,0.5678
lookup,zipfian,on,2,256,5.36352,20.50,3.2118,0.3412,2.8707,61.93,0.00778965,24.4247,0.619284,0.6271,0.9876
lookup,zipfian,on,2,512,6.60438,16.50,2.6922,0.5849,2.1073,53.91,0.000932335,18.2681,0.539113,0.5400,0.9983
range,uniform,on,2,64,0.81728,78.00,28.2318,4.7452,23.4866,100.00,8.17981,3927.46,1.37485,9.5547,0.1439
range,uniform,on,2,128,0.914976,72.50,24.1256,4.7540,19.3716,100.00,6.97716,3311.72,1.37486,8.3520,0.1646
range,uniform,on,2,256,1.07491,65.00,19.6704,4.7578,14.9126,100.00,5.68411,2649.69,1.37484,7.0590,0.1948
range,uniform,on,2,512,1.32582,56.00,14.7552,4.7596,9.9956,100.00,4.26215,1921.65,1.37485,5.6370,0.2439
range,zipfian,on,2,64,1.17414,74.00,10.8994,2.5029,8.3965,89.80,5.32532,2494.33,1.22288,6.5482,0.1868
range,zipfian,on,2,128,1.37936,68.50,7.3992,1.9866,5.4126,83.57,4.23073,1953.2,1.13589,5.3666,0.2117
range,zipfian,on,2,256,1.68813,61.00,4.7527,1.5588,3.1939,76.79,3.19767,1440.62,1.04877,4.2464,0.2470
range,zipfian,on,2,512,2.15059,52.00,2.8136,1.1997,1.6139,69.40,2.2167,957.43,0.94519,3.1619,0.2989
lookup,uniform,off,6,64,1.14179,45.50,32.1710,4.7371,27.4339,99.99,6.79057,3476.73,0,6.7906,0.0000
lookup,uniform,off,6,128,1.33818,40.50,26.9043,4.7494,22.1548,99.97,5.66287,2899.37,0,5.6629,0.0000
lookup,uniform,off,6,256,1.66598,35.00,21.4828,4.7524,16.7304,99.91,4.51604,2312.21,0,4.5160,0.0000
lookup,uniform,off,6,512,2.27936,28.00,15.9159,4.7445,11.1713,99.69,3.3439,1712.08,0,3.3439,0.0000
lookup,zipfian,off,6,64,1.80774,44.00,19.7567,3.4503,16.3065,72.98,4.17626,2138.22,0,4.1763,0.0000
lookup,zipfian,off,6,128,2.33056,38.00,15.2173,3.1947,12.0225,67.31,3.20406,1640.47,0,3.2041,0.0000
lookup,zipfian,off,6,256,3.09373,32.50,11.0610,2.9047,8.1563,61.10,2.32511,1190.45,0,2.3251,0.0000
lookup,zipfian,off,6,512,4.50669,26.00,7.3320,2.5629,4.7691,53.87,1.54027,788.619,0,1.5403,0.0000
range,uniform,off,6,64,0.371264,115.50,12.3377,4.7532,7.5845,100.00,22.3489,11442.6,0,22.3489,0.0000
range,uniform,off,6,128,0.394144,109.50,11.5684,4.7518,6.8166,100.00,20.9447,10723.6,0,20.9447,0.0000
range,uniform,off,6,256,0.421952,104.50,10.6175,4.7438,5.8737,100.00,19.2178,9839.52,0,19.2178,0.0000
range,uniform,off,6,512,0.493344,94.00,9.3280,4.7184,4.6095,100.00,16.8815,8643.31,0,16.8815,0.0000
range,zipfian,off,6,64,0.529664,113.50,8.4020,3.5967,4.8052,82.19,15.312,7839.67,0,15.3120,0.0000
range,zipfian,off,6,128,0.594624,107.50,7.3818,3.3731,4.0087,77.49,13.4295,6875.9,0,13.4295,0.0000
range,zipfian,off,6,256,0.685888,101.00,6.3056,3.1286,3.1770,72.56,11.4629,5868.97,0,11.4629,0.0000
range,zipfian,off,6,512,0.84112,91.50,5.1084,2.8413,2.2671,67.06,9.28326,4753.03,0,9.2833,0.0000
lookup,uniform,on,6,64,1.95584,30.00,18.4237,0.0000,18.4237,100.00,2.3305,1226.19,1,3.3305,0.3003
lookup,uniform,on,6,128,2.76003,23.50,11.7616,0.0000,11.7616,100.00,1.12131,607.109,1,2.1213,0.4714
lookup,uniform,on,6,256,4.71523,13.50,5.5562,0.0034,5.5528,100.00,0.00548414,35.8076,0.999991,1.0055,0.9945
lookup,uniform,on,6,512,4.78986,13.00,5.3121,0.3087,5.0033,99.74,0.000816442,33.3321,0.997395,0.9982,0.9992
lookup,zipfian,on,6,64,2.99206,28.50,11.1812,0.0529,11.1283,81.08,1.29901,691.832,0.810795,2.1098,0.3843
lookup,zipfian,on,6,128,4.4441,21.50,6.6651,0.0852,6.5799,71.79,0.548133,304.333,0.717898,1.2660,0.5670
lookup,zipfian,on,6,256,7.34618,12.50,3.2014,0.3268,2.8746,61.63,0.00781102,24.3373,0.616303,0.6241,0.9875
lookup,zipfian,on,6,512,8.24957,12.00,2.6939,0.5869,2.1071,53.93,0.000946302,18.2823,0.539327,0.5403,0.9982
range,uniform,on,6,64,0.805696,79.00,28.2332,4.7454,23.4878,100.00,8.17987,3927.49,1.37485,9.5547,0.1439
range,uniform,on,6,128,0.906336,73.00,24.1250,4.7539,19.3711,100.00,6.97712,3311.69,1.37486,8.3520,0.1646
range,uniform,on,6,256,1.06077,65.50,19.6714,4.7578,14.9136,100.00,5.68436,2649.82,1.37484,7.0592,0.1948
range,uniform,on,6,512,1.31712,56.50,14.7543,4.7596,9.9947,100.00,4.2619,1921.52,1.37486,5.6368,0.2439
range,zipfian,on,6,64,1.14522,75.50,10.9638,2.5432,8.4206,90.10,5.34451,2502.83,1.23974,6.5842,0.1883
range,zipfian,on,6,128,1.36624,69.50,7.3469,1.9722,5.3748,83.58,4.22986,1951.63,1.13543,5.3653,0.2116
range,zipfian,on,6,256,1.67805,61.50,4.7734,1.5648,3.2087,76.79,3.19702,1440.22,1.04802,4.2450,0.2469
range,zipfian,on,6,512,2.1439,52.00,2.8077,1.1973,1.6104,69.40,2.21706,957.219,0.945392,3.1624,0.2989
