system,workload,cache_mb,memthreads,leaf,tput,p99,ratio_vs_dart,mn_active,log
CHIME,point-uniform,8,0,0,0.2148,340.5,,,/home/apa222/REV/fair/results/l2b_a_stock/chime/sweep_mt0/cache_8MB/leaf_0/point-uniform/off/compute.log
CHIME,point-uniform,8,1,0,0.8602,57.5,,,/home/apa222/REV/fair/results/l2b_a_stock/chime/sweep_mt1/cache_8MB/leaf_0/point-uniform/on/compute.log
CHIME,point-uniform,8,2,0,1.5027,38.0,,,/home/apa222/REV/fair/results/l2b_a_stock/chime/sweep_mt2/cache_8MB/leaf_0/point-uniform/on/compute.log
CHIME,point-uniform,8,4,0,2.384,30.5,,,/home/apa222/REV/fair/results/l2b_a_stock/chime/sweep_mt4/cache_8MB/leaf_0/point-uniform/on/compute.log
CHIME,point-uniform,8,8,0,2.4334,30.0,,,/home/apa222/REV/fair/results/l2b_a_stock/chime/sweep_mt8/cache_8MB/leaf_0/point-uniform/on/compute.log
CHIME,point-uniform,8,16,0,2.4941,30.0,,,/home/apa222/REV/fair/results/l2b_a_stock/chime/sweep_mt16/cache_8MB/leaf_0/point-uniform/on/compute.log
CHIME,point-uniform,16,0,0,0.2515,308.5,,,/home/apa222/REV/fair/results/l2b_a_stock/chime/sweep_mt0/cache_16MB/leaf_0/point-uniform/off/compute.log
CHIME,point-uniform,16,1,0,0.9183,50.0,,,/home/apa222/REV/fair/results/l2b_a_stock/chime/sweep_mt1/cache_16MB/leaf_0/point-uniform/on/compute.log
CHIME,point-uniform,16,2,0,1.6979,30.5,,,/home/apa222/REV/fair/results/l2b_a_stock/chime/sweep_mt2/cache_16MB/leaf_0/point-uniform/on/compute.log
CHIME,point-uniform,16,4,0,2.6616,23.0,,,/home/apa222/REV/fair/results/l2b_a_stock/chime/sweep_mt4/cache_16MB/leaf_0/point-uniform/on/compute.log
CHIME,point-uniform,16,8,0,2.8724,21.5,,,/home/apa222/REV/fair/results/l2b_a_stock/chime/sweep_mt8/cache_16MB/leaf_0/point-uniform/on/compute.log
CHIME,point-uniform,16,16,0,2.8486,21.5,,,/home/apa222/REV/fair/results/l2b_a_stock/chime/sweep_mt16/cache_16MB/leaf_0/point-uniform/on/compute.log
CHIME,point-uniform,32,0,0,0.2932,291.5,,,/home/apa222/REV/fair/results/l2b_a_stock/chime/sweep_mt0/cache_32MB/leaf_0/point-uniform/off/compute.log
CHIME,point-uniform,32,1,0,1.0234,46.5,,,/home/apa222/REV/fair/results/l2b_a_stock/chime/sweep_mt1/cache_32MB/leaf_0/point-uniform/on/compute.log
CHIME,point-uniform,32,2,0,1.8984,27.0,,,/home/apa222/REV/fair/results/l2b_a_stock/chime/sweep_mt2/cache_32MB/leaf_0/point-uniform/on/compute.log
CHIME,point-uniform,32,4,0,2.9635,19.0,,,/home/apa222/REV/fair/results/l2b_a_stock/chime/sweep_mt4/cache_32MB/leaf_0/point-uniform/on/compute.log
CHIME,point-uniform,32,8,0,3.1487,17.5,,,/home/apa222/REV/fair/results/l2b_a_stock/chime/sweep_mt8/cache_32MB/leaf_0/point-uniform/on/compute.log
CHIME,point-uniform,32,16,0,3.1239,18.0,,,/home/apa222/REV/fair/results/l2b_a_stock/chime/sweep_mt16/cache_32MB/leaf_0/point-uniform/on/compute.log
CHIME,point-uniform,64,0,0,0.4099,255.0,,,/home/apa222/REV/fair/results/l2b_a_stock/chime/sweep_mt0/cache_64MB/leaf_0/point-uniform/off/compute.log
CHIME,point-uniform,64,1,0,1.3107,44.0,,,/home/apa222/REV/fair/results/l2b_a_stock/chime/sweep_mt1/cache_64MB/leaf_0/point-uniform/on/compute.log
CHIME,point-uniform,64,2,0,2.4318,24.0,,,/home/apa222/REV/fair/results/l2b_a_stock/chime/sweep_mt2/cache_64MB/leaf_0/point-uniform/on/compute.log
CHIME,point-uniform,64,4,0,3.2654,17.5,,,/home/apa222/REV/fair/results/l2b_a_stock/chime/sweep_mt4/cache_64MB/leaf_0/point-uniform/on/compute.log
CHIME,point-uniform,64,8,0,3.4516,16.5,,,/home/apa222/REV/fair/results/l2b_a_stock/chime/sweep_mt8/cache_64MB/leaf_0/point-uniform/on/compute.log
CHIME,point-uniform,64,16,0,3.3827,16.5,,,/home/apa222/REV/fair/results/l2b_a_stock/chime/sweep_mt16/cache_64MB/leaf_0/point-uniform/on/compute.log
CHIME,point-uniform,128,0,0,0.7914,226.0,,,/home/apa222/REV/fair/results/l2b_a_stock/chime/sweep_mt0/cache_128MB/leaf_0/point-uniform/off/compute.log
CHIME,point-uniform,128,1,0,3.194,32.0,,,/home/apa222/REV/fair/results/l2b_a_stock/chime/sweep_mt1/cache_128MB/leaf_0/point-uniform/on/compute.log
CHIME,point-uniform,128,2,0,3.9959,17.5,,,/home/apa222/REV/fair/results/l2b_a_stock/chime/sweep_mt2/cache_128MB/leaf_0/point-uniform/on/compute.log
CHIME,point-uniform,128,4,0,4.2,15.5,,,/home/apa222/REV/fair/results/l2b_a_stock/chime/sweep_mt4/cache_128MB/leaf_0/point-uniform/on/compute.log
CHIME,point-uniform,128,8,0,4.1948,15.0,,,/home/apa222/REV/fair/results/l2b_a_stock/chime/sweep_mt8/cache_128MB/leaf_0/point-uniform/on/compute.log
CHIME,point-uniform,128,16,0,4.1802,15.0,,,/home/apa222/REV/fair/results/l2b_a_stock/chime/sweep_mt16/cache_128MB/leaf_0/point-uniform/on/compute.log
CHIME,point-uniform,256,0,0,5.4433,10.5,,,/home/apa222/REV/fair/results/l2b_a_stock/chime/sweep_mt0/cache_256MB/leaf_0/point-uniform/off/compute.log
CHIME,point-uniform,256,1,0,5.357,10.5,,,/home/apa222/REV/fair/results/l2b_a_stock/chime/sweep_mt1/cache_256MB/leaf_0/point-uniform/on/compute.log
CHIME,point-uniform,256,2,0,5.4403,10.5,,,/home/apa222/REV/fair/results/l2b_a_stock/chime/sweep_mt2/cache_256MB/leaf_0/point-uniform/on/compute.log
CHIME,point-uniform,256,4,0,5.4536,10.5,,,/home/apa222/REV/fair/results/l2b_a_stock/chime/sweep_mt4/cache_256MB/leaf_0/point-uniform/on/compute.log
CHIME,point-uniform,256,8,0,5.3871,10.5,,,/home/apa222/REV/fair/results/l2b_a_stock/chime/sweep_mt8/cache_256MB/leaf_0/point-uniform/on/compute.log
CHIME,point-uniform,256,16,0,5.3573,10.5,,,/home/apa222/REV/fair/results/l2b_a_stock/chime/sweep_mt16/cache_256MB/leaf_0/point-uniform/on/compute.log
CHIME,point-uniform,512,0,0,5.4609,10.5,,,/home/apa222/REV/fair/results/l2b_a_stock/chime/sweep_mt0/cache_512MB/leaf_0/point-uniform/off/compute.log
CHIME,point-uniform,512,1,0,5.3521,10.5,,,/home/apa222/REV/fair/results/l2b_a_stock/chime/sweep_mt1/cache_512MB/leaf_0/point-uniform/on/compute.log
CHIME,point-uniform,512,2,0,5.3957,10.5,,,/home/apa222/REV/fair/results/l2b_a_stock/chime/sweep_mt2/cache_512MB/leaf_0/point-uniform/on/compute.log
CHIME,point-uniform,512,4,0,5.4462,10.5,,,/home/apa222/REV/fair/results/l2b_a_stock/chime/sweep_mt4/cache_512MB/leaf_0/point-uniform/on/compute.log
CHIME,point-uniform,512,8,0,5.3953,10.5,,,/home/apa222/REV/fair/results/l2b_a_stock/chime/sweep_mt8/cache_512MB/leaf_0/point-uniform/on/compute.log
CHIME,point-uniform,512,16,0,5.2722,10.5,,,/home/apa222/REV/fair/results/l2b_a_stock/chime/sweep_mt16/cache_512MB/leaf_0/point-uniform/on/compute.log
CHIME,point-uniform,1024,0,0,5.3838,10.5,,,/home/apa222/REV/fair/results/l2b_a_stock/chime/sweep_mt0/cache_1024MB/leaf_0/point-uniform/off/compute.log
CHIME,point-uniform,1024,1,0,5.4269,10.5,,,/home/apa222/REV/fair/results/l2b_a_stock/chime/sweep_mt1/cache_1024MB/leaf_0/point-uniform/on/compute.log
CHIME,point-uniform,1024,2,0,5.4104,10.5,,,/home/apa222/REV/fair/results/l2b_a_stock/chime/sweep_mt2/cache_1024MB/leaf_0/point-uniform/on/compute.log
CHIME,point-uniform,1024,4,0,5.4286,10.0,,,/home/apa222/REV/fair/results/l2b_a_stock/chime/sweep_mt4/cache_1024MB/leaf_0/point-uniform/on/compute.log
CHIME,point-uniform,1024,8,0,5.4196,10.5,,,/home/apa222/REV/fair/results/l2b_a_stock/chime/sweep_mt8/cache_1024MB/leaf_0/point-uniform/on/compute.log
CHIME,point-uniform,1024,16,0,5.306,10.5,,,/home/apa222/REV/fair/results/l2b_a_stock/chime/sweep_mt16/cache_1024MB/leaf_0/point-uniform/on/compute.log
CHIME,point-zipf,8,0,0,0.3862,320.5,,,/home/apa222/REV/fair/results/l2b_a_stock/chime/sweep_mt0/cache_8MB/leaf_0/point-zipf/off/compute.log
CHIME,point-zipf,8,1,0,1.5776,52.0,,,/home/apa222/REV/fair/results/l2b_a_stock/chime/sweep_mt1/cache_8MB/leaf_0/point-zipf/on/compute.log
CHIME,point-zipf,8,2,0,2.8338,32.0,,,/home/apa222/REV/fair/results/l2b_a_stock/chime/sweep_mt2/cache_8MB/leaf_0/point-zipf/on/compute.log
CHIME,point-zipf,8,4,0,3.203,29.0,,,/home/apa222/REV/fair/results/l2b_a_stock/chime/sweep_mt4/cache_8MB/leaf_0/point-zipf/on/compute.log
CHIME,point-zipf,8,8,0,3.2861,28.5,,,/home/apa222/REV/fair/results/l2b_a_stock/chime/sweep_mt8/cache_8MB/leaf_0/point-zipf/on/compute.log
CHIME,point-zipf,8,16,0,3.2832,29.0,,,/home/apa222/REV/fair/results/l2b_a_stock/chime/sweep_mt16/cache_8MB/leaf_0/point-zipf/on/compute.log
CHIME,point-zipf,16,0,0,0.4638,304.0,,,/home/apa222/REV/fair/results/l2b_a_stock/chime/sweep_mt0/cache_16MB/leaf_0/point-zipf/off/compute.log
CHIME,point-zipf,16,1,0,1.8539,44.5,,,/home/apa222/REV/fair/results/l2b_a_stock/chime/sweep_mt1/cache_16MB/leaf_0/point-zipf/on/compute.log
CHIME,point-zipf,16,2,0,3.2654,24.5,,,/home/apa222/REV/fair/results/l2b_a_stock/chime/sweep_mt2/cache_16MB/leaf_0/point-zipf/on/compute.log
CHIME,point-zipf,16,4,0,3.6754,21.0,,,/home/apa222/REV/fair/results/l2b_a_stock/chime/sweep_mt4/cache_16MB/leaf_0/point-zipf/on/compute.log
CHIME,point-zipf,16,8,0,3.7836,20.5,,,/home/apa222/REV/fair/results/l2b_a_stock/chime/sweep_mt8/cache_16MB/leaf_0/point-zipf/on/compute.log
CHIME,point-zipf,16,16,0,3.7378,21.0,,,/home/apa222/REV/fair/results/l2b_a_stock/chime/sweep_mt16/cache_16MB/leaf_0/point-zipf/on/compute.log
CHIME,point-zipf,32,0,0,0.617,267.5,,,/home/apa222/REV/fair/results/l2b_a_stock/chime/sweep_mt0/cache_32MB/leaf_0/point-zipf/off/compute.log
CHIME,point-zipf,32,1,0,2.3405,38.5,,,/home/apa222/REV/fair/results/l2b_a_stock/chime/sweep_mt1/cache_32MB/leaf_0/point-zipf/on/compute.log
CHIME,point-zipf,32,2,0,3.7483,20.0,,,/home/apa222/REV/fair/results/l2b_a_stock/chime/sweep_mt2/cache_32MB/leaf_0/point-zipf/on/compute.log
CHIME,point-zipf,32,4,0,4.0072,17.5,,,/home/apa222/REV/fair/results/l2b_a_stock/chime/sweep_mt4/cache_32MB/leaf_0/point-zipf/on/compute.log
CHIME,point-zipf,32,8,0,4.122,17.0,,,/home/apa222/REV/fair/results/l2b_a_stock/chime/sweep_mt8/cache_32MB/leaf_0/point-zipf/on/compute.log
CHIME,point-zipf,32,16,0,4.0827,17.0,,,/home/apa222/REV/fair/results/l2b_a_stock/chime/sweep_mt16/cache_32MB/leaf_0/point-zipf/on/compute.log
CHIME,point-zipf,64,0,0,0.9052,234.0,,,/home/apa222/REV/fair/results/l2b_a_stock/chime/sweep_mt0/cache_64MB/leaf_0/point-zipf/off/compute.log
CHIME,point-zipf,64,1,0,3.4383,30.5,,,/home/apa222/REV/fair/results/l2b_a_stock/chime/sweep_mt1/cache_64MB/leaf_0/point-zipf/on/compute.log
CHIME,point-zipf,64,2,0,4.3158,17.0,,,/home/apa222/REV/fair/results/l2b_a_stock/chime/sweep_mt2/cache_64MB/leaf_0/point-zipf/on/compute.log
CHIME,point-zipf,64,4,0,4.4213,16.0,,,/home/apa222/REV/fair/results/l2b_a_stock/chime/sweep_mt4/cache_64MB/leaf_0/point-zipf/on/compute.log
CHIME,point-zipf,64,8,0,4.5395,15.5,,,/home/apa222/REV/fair/results/l2b_a_stock/chime/sweep_mt8/cache_64MB/leaf_0/point-zipf/on/compute.log
CHIME,point-zipf,64,16,0,4.4004,15.5,,,/home/apa222/REV/fair/results/l2b_a_stock/chime/sweep_mt16/cache_64MB/leaf_0/point-zipf/on/compute.log
CHIME,point-zipf,128,0,0,2.1035,169.0,,,/home/apa222/REV/fair/results/l2b_a_stock/chime/sweep_mt0/cache_128MB/leaf_0/point-zipf/off/compute.log
CHIME,point-zipf,128,1,0,5.0543,15.5,,,/home/apa222/REV/fair/results/l2b_a_stock/chime/sweep_mt1/cache_128MB/leaf_0/point-zipf/on/compute.log
CHIME,point-zipf,128,2,0,5.2124,14.0,,,/home/apa222/REV/fair/results/l2b_a_stock/chime/sweep_mt2/cache_128MB/leaf_0/point-zipf/on/compute.log
CHIME,point-zipf,128,4,0,5.1086,14.0,,,/home/apa222/REV/fair/results/l2b_a_stock/chime/sweep_mt4/cache_128MB/leaf_0/point-zipf/on/compute.log
CHIME,point-zipf,128,8,0,5.1887,14.0,,,/home/apa222/REV/fair/results/l2b_a_stock/chime/sweep_mt8/cache_128MB/leaf_0/point-zipf/on/compute.log
CHIME,point-zipf,128,16,0,5.1749,14.0,,,/home/apa222/REV/fair/results/l2b_a_stock/chime/sweep_mt16/cache_128MB/leaf_0/point-zipf/on/compute.log
CHIME,point-zipf,256,0,0,5.4105,12.5,,,/home/apa222/REV/fair/results/l2b_a_stock/chime/sweep_mt0/cache_256MB/leaf_0/point-zipf/off/compute.log
CHIME,point-zipf,256,1,0,5.4757,13.0,,,/home/apa222/REV/fair/results/l2b_a_stock/chime/sweep_mt1/cache_256MB/leaf_0/point-zipf/on/compute.log
CHIME,point-zipf,256,2,0,5.5211,13.0,,,/home/apa222/REV/fair/results/l2b_a_stock/chime/sweep_mt2/cache_256MB/leaf_0/point-zipf/on/compute.log
CHIME,point-zipf,256,4,0,5.5247,14.5,,,/home/apa222/REV/fair/results/l2b_a_stock/chime/sweep_mt4/cache_256MB/leaf_0/point-zipf/on/compute.log
CHIME,point-zipf,256,8,0,5.4777,13.0,,,/home/apa222/REV/fair/results/l2b_a_stock/chime/sweep_mt8/cache_256MB/leaf_0/point-zipf/on/compute.log
CHIME,point-zipf,256,16,0,5.516,13.0,,,/home/apa222/REV/fair/results/l2b_a_stock/chime/sweep_mt16/cache_256MB/leaf_0/point-zipf/on/compute.log
CHIME,point-zipf,512,0,0,5.2975,14.5,,,/home/apa222/REV/fair/results/l2b_a_stock/chime/sweep_mt0/cache_512MB/leaf_0/point-zipf/off/compute.log
CHIME,point-zipf,512,1,0,5.554,13.5,,,/home/apa222/REV/fair/results/l2b_a_stock/chime/sweep_mt1/cache_512MB/leaf_0/point-zipf/on/compute.log
CHIME,point-zipf,512,2,0,5.5295,13.0,,,/home/apa222/REV/fair/results/l2b_a_stock/chime/sweep_mt2/cache_512MB/leaf_0/point-zipf/on/compute.log
CHIME,point-zipf,512,4,0,5.5586,13.0,,,/home/apa222/REV/fair/results/l2b_a_stock/chime/sweep_mt4/cache_512MB/leaf_0/point-zipf/on/compute.log
CHIME,point-zipf,512,8,0,5.6171,13.0,,,/home/apa222/REV/fair/results/l2b_a_stock/chime/sweep_mt8/cache_512MB/leaf_0/point-zipf/on/compute.log
CHIME,point-zipf,512,16,0,5.4489,15.0,,,/home/apa222/REV/fair/results/l2b_a_stock/chime/sweep_mt16/cache_512MB/leaf_0/point-zipf/on/compute.log
CHIME,point-zipf,1024,0,0,5.4581,11.5,,,/home/apa222/REV/fair/results/l2b_a_stock/chime/sweep_mt0/cache_1024MB/leaf_0/point-zipf/off/compute.log
CHIME,point-zipf,1024,1,0,5.5149,13.5,,,/home/apa222/REV/fair/results/l2b_a_stock/chime/sweep_mt1/cache_1024MB/leaf_0/point-zipf/on/compute.log
CHIME,point-zipf,1024,2,0,5.5148,13.0,,,/home/apa222/REV/fair/results/l2b_a_stock/chime/sweep_mt2/cache_1024MB/leaf_0/point-zipf/on/compute.log
CHIME,point-zipf,1024,4,0,5.5203,13.0,,,/home/apa222/REV/fair/results/l2b_a_stock/chime/sweep_mt4/cache_1024MB/leaf_0/point-zipf/on/compute.log
CHIME,point-zipf,1024,8,0,5.5328,13.5,,,/home/apa222/REV/fair/results/l2b_a_stock/chime/sweep_mt8/cache_1024MB/leaf_0/point-zipf/on/compute.log
CHIME,point-zipf,1024,16,0,5.5291,13.0,,,/home/apa222/REV/fair/results/l2b_a_stock/chime/sweep_mt16/cache_1024MB/leaf_0/point-zipf/on/compute.log
