system,workload,cache_mb,memthreads,mn_peak_active_pct,mn_peak_per_thread_pct,log
dex,point-uniform,32,0,0.00,0.00,/home/apa222/REV/fair/results/stress1/dex/dex_point-uniform_mt0_cache32.memory.log
dex,point-uniform,64,0,0.00,0.00,/home/apa222/REV/fair/results/stress1/dex/dex_point-uniform_mt0_cache64.memory.log
dex,point-uniform,128,0,0.00,0.00,/home/apa222/REV/fair/results/stress1/dex/dex_point-uniform_mt0_cache128.memory.log
dex,point-uniform,256,0,0.00,0.00,/home/apa222/REV/fair/results/stress1/dex/dex_point-uniform_mt0_cache256.memory.log
dex,point-uniform,512,0,0.00,0.00,/home/apa222/REV/fair/results/stress1/dex/dex_point-uniform_mt0_cache512.memory.log
dex,point-uniform,1024,0,0.00,0.00,/home/apa222/REV/fair/results/stress1/dex/dex_point-uniform_mt0_cache1024.memory.log
dex,point-zipf,32,0,0.00,0.00,/home/apa222/REV/fair/results/stress1/dex/dex_point-zipf_mt0_cache32.memory.log
dex,point-zipf,64,0,0.00,0.00,/home/apa222/REV/fair/results/stress1/dex/dex_point-zipf_mt0_cache64.memory.log
dex,point-zipf,128,0,0.00,0.00,/home/apa222/REV/fair/results/stress1/dex/dex_point-zipf_mt0_cache128.memory.log
dex,point-zipf,256,0,0.00,0.00,/home/apa222/REV/fair/results/stress1/dex/dex_point-zipf_mt0_cache256.memory.log
dex,point-zipf,512,0,0.00,0.00,/home/apa222/REV/fair/results/stress1/dex/dex_point-zipf_mt0_cache512.memory.log
dex,point-zipf,1024,0,0.00,0.00,/home/apa222/REV/fair/results/stress1/dex/dex_point-zipf_mt0_cache1024.memory.log
dex,range-uniform,32,0,0.00,0.00,/home/apa222/REV/fair/results/stress1/dex/dex_range-uniform_mt0_cache32.memory.log
dex,range-uniform,64,0,0.00,0.00,/home/apa222/REV/fair/results/stress1/dex/dex_range-uniform_mt0_cache64.memory.log
dex,range-uniform,128,0,0.00,0.00,/home/apa222/REV/fair/results/stress1/dex/dex_range-uniform_mt0_cache128.memory.log
dex,range-uniform,256,0,0.00,0.00,/home/apa222/REV/fair/results/stress1/dex/dex_range-uniform_mt0_cache256.memory.log
dex,range-uniform,512,0,0.00,0.00,/home/apa222/REV/fair/results/stress1/dex/dex_range-uniform_mt0_cache512.memory.log
dex,range-uniform,1024,0,0.00,0.00,/home/apa222/REV/fair/results/stress1/dex/dex_range-uniform_mt0_cache1024.memory.log
dex,range-zipf,32,0,0.00,0.00,/home/apa222/REV/fair/results/stress1/dex/dex_range-zipf_mt0_cache32.memory.log
dex,range-zipf,64,0,0.00,0.00,/home/apa222/REV/fair/results/stress1/dex/dex_range-zipf_mt0_cache64.memory.log
dex,range-zipf,128,0,0.00,0.00,/home/apa222/REV/fair/results/stress1/dex/dex_range-zipf_mt0_cache128.memory.log
dex,range-zipf,256,0,0.00,0.00,/home/apa222/REV/fair/results/stress1/dex/dex_range-zipf_mt0_cache256.memory.log
dex,range-zipf,512,0,0.00,0.00,/home/apa222/REV/fair/results/stress1/dex/dex_range-zipf_mt0_cache512.memory.log
dex,range-zipf,1024,0,0.00,0.00,/home/apa222/REV/fair/results/stress1/dex/dex_range-zipf_mt0_cache1024.memory.log
dex,point-uniform,32,1,82.87,82.87,/home/apa222/REV/fair/results/stress1/dex/dex_point-uniform_mt1_cache32.memory.log
dex,point-uniform,64,1,82.58,82.58,/home/apa222/REV/fair/results/stress1/dex/dex_point-uniform_mt1_cache64.memory.log
dex,point-uniform,128,1,82.81,82.81,/home/apa222/REV/fair/results/stress1/dex/dex_point-uniform_mt1_cache128.memory.log
dex,point-uniform,256,1,82.59,82.59,/home/apa222/REV/fair/results/stress1/dex/dex_point-uniform_mt1_cache256.memory.log
dex,point-uniform,512,1,80.24,80.24,/home/apa222/REV/fair/results/stress1/dex/dex_point-uniform_mt1_cache512.memory.log
dex,point-uniform,1024,1,75.47,75.47,/home/apa222/REV/fair/results/stress1/dex/dex_point-uniform_mt1_cache1024.memory.log
dex,point-zipf,32,1,77.08,77.08,/home/apa222/REV/fair/results/stress1/dex/dex_point-zipf_mt1_cache32.memory.log
dex,point-zipf,64,1,77.91,77.91,/home/apa222/REV/fair/results/stress1/dex/dex_point-zipf_mt1_cache64.memory.log
dex,point-zipf,128,1,79.31,79.31,/home/apa222/REV/fair/results/stress1/dex/dex_point-zipf_mt1_cache128.memory.log
dex,point-zipf,256,1,79.64,79.64,/home/apa222/REV/fair/results/stress1/dex/dex_point-zipf_mt1_cache256.memory.log
dex,point-zipf,512,1,77.32,77.32,/home/apa222/REV/fair/results/stress1/dex/dex_point-zipf_mt1_cache512.memory.log
dex,point-zipf,1024,1,73.66,73.66,/home/apa222/REV/fair/results/stress1/dex/dex_point-zipf_mt1_cache1024.memory.log
dex,range-uniform,32,1,87.18,87.18,/home/apa222/REV/fair/results/stress1/dex/dex_range-uniform_mt1_cache32.memory.log
dex,range-uniform,64,1,87.19,87.19,/home/apa222/REV/fair/results/stress1/dex/dex_range-uniform_mt1_cache64.memory.log
dex,range-uniform,128,1,87.28,87.28,/home/apa222/REV/fair/results/stress1/dex/dex_range-uniform_mt1_cache128.memory.log
dex,range-uniform,256,1,87.18,87.18,/home/apa222/REV/fair/results/stress1/dex/dex_range-uniform_mt1_cache256.memory.log
dex,range-uniform,512,1,87.17,87.17,/home/apa222/REV/fair/results/stress1/dex/dex_range-uniform_mt1_cache512.memory.log
dex,range-uniform,1024,1,87.15,87.15,/home/apa222/REV/fair/results/stress1/dex/dex_range-uniform_mt1_cache1024.memory.log
dex,range-zipf,32,1,83.05,83.05,/home/apa222/REV/fair/results/stress1/dex/dex_range-zipf_mt1_cache32.memory.log
dex,range-zipf,64,1,83.77,83.77,/home/apa222/REV/fair/results/stress1/dex/dex_range-zipf_mt1_cache64.memory.log
dex,range-zipf,128,1,84.44,84.44,/home/apa222/REV/fair/results/stress1/dex/dex_range-zipf_mt1_cache128.memory.log
dex,range-zipf,256,1,85.16,85.16,/home/apa222/REV/fair/results/stress1/dex/dex_range-zipf_mt1_cache256.memory.log
dex,range-zipf,512,1,85.92,85.92,/home/apa222/REV/fair/results/stress1/dex/dex_range-zipf_mt1_cache512.memory.log
dex,range-zipf,1024,1,86.32,86.32,/home/apa222/REV/fair/results/stress1/dex/dex_range-zipf_mt1_cache1024.memory.log
dex,point-uniform,32,2,157.72,78.86,/home/apa222/REV/fair/results/stress1/dex/dex_point-uniform_mt2_cache32.memory.log
dex,point-uniform,64,2,159.05,79.53,/home/apa222/REV/fair/results/stress1/dex/dex_point-uniform_mt2_cache64.memory.log
dex,point-uniform,128,2,158.90,79.45,/home/apa222/REV/fair/results/stress1/dex/dex_point-uniform_mt2_cache128.memory.log
dex,point-uniform,256,2,158.84,79.42,/home/apa222/REV/fair/results/stress1/dex/dex_point-uniform_mt2_cache256.memory.log
dex,point-uniform,512,2,156.11,78.06,/home/apa222/REV/fair/results/stress1/dex/dex_point-uniform_mt2_cache512.memory.log
dex,point-uniform,1024,2,145.96,72.98,/home/apa222/REV/fair/results/stress1/dex/dex_point-uniform_mt2_cache1024.memory.log
dex,point-zipf,32,2,135.14,67.57,/home/apa222/REV/fair/results/stress1/dex/dex_point-zipf_mt2_cache32.memory.log
dex,point-zipf,64,2,146.44,73.22,/home/apa222/REV/fair/results/stress1/dex/dex_point-zipf_mt2_cache64.memory.log
dex,point-zipf,128,2,149.55,74.77,/home/apa222/REV/fair/results/stress1/dex/dex_point-zipf_mt2_cache128.memory.log
dex,point-zipf,256,2,150.69,75.35,/home/apa222/REV/fair/results/stress1/dex/dex_point-zipf_mt2_cache256.memory.log
dex,point-zipf,512,2,146.94,73.47,/home/apa222/REV/fair/results/stress1/dex/dex_point-zipf_mt2_cache512.memory.log
dex,point-zipf,1024,2,139.93,69.96,/home/apa222/REV/fair/results/stress1/dex/dex_point-zipf_mt2_cache1024.memory.log
dex,range-uniform,32,2,136.55,68.27,/home/apa222/REV/fair/results/stress1/dex/dex_range-uniform_mt2_cache32.memory.log
dex,range-uniform,64,2,150.13,75.06,/home/apa222/REV/fair/results/stress1/dex/dex_range-uniform_mt2_cache64.memory.log
dex,range-uniform,128,2,161.67,80.83,/home/apa222/REV/fair/results/stress1/dex/dex_range-uniform_mt2_cache128.memory.log
dex,range-uniform,256,2,168.06,84.03,/home/apa222/REV/fair/results/stress1/dex/dex_range-uniform_mt2_cache256.memory.log
dex,range-uniform,512,2,167.85,83.92,/home/apa222/REV/fair/results/stress1/dex/dex_range-uniform_mt2_cache512.memory.log
dex,range-uniform,1024,2,167.77,83.89,/home/apa222/REV/fair/results/stress1/dex/dex_range-uniform_mt2_cache1024.memory.log
dex,range-zipf,32,2,120.50,60.25,/home/apa222/REV/fair/results/stress1/dex/dex_range-zipf_mt2_cache32.memory.log
dex,range-zipf,64,2,134.99,67.49,/home/apa222/REV/fair/results/stress1/dex/dex_range-zipf_mt2_cache64.memory.log
dex,range-zipf,128,2,147.45,73.72,/home/apa222/REV/fair/results/stress1/dex/dex_range-zipf_mt2_cache128.memory.log
dex,range-zipf,256,2,160.26,80.13,/home/apa222/REV/fair/results/stress1/dex/dex_range-zipf_mt2_cache256.memory.log
dex,range-zipf,512,2,163.66,81.83,/home/apa222/REV/fair/results/stress1/dex/dex_range-zipf_mt2_cache512.memory.log
dex,range-zipf,1024,2,164.33,82.16,/home/apa222/REV/fair/results/stress1/dex/dex_range-zipf_mt2_cache1024.memory.log
dex,point-uniform,32,3,185.86,61.95,/home/apa222/REV/fair/results/stress1/dex/dex_point-uniform_mt3_cache32.memory.log
dex,point-uniform,64,3,220.18,73.39,/home/apa222/REV/fair/results/stress1/dex/dex_point-uniform_mt3_cache64.memory.log
dex,point-uniform,128,3,244.55,81.52,/home/apa222/REV/fair/results/stress1/dex/dex_point-uniform_mt3_cache128.memory.log
dex,point-uniform,256,3,245.84,81.95,/home/apa222/REV/fair/results/stress1/dex/dex_point-uniform_mt3_cache256.memory.log
dex,point-uniform,512,3,238.43,79.48,/home/apa222/REV/fair/results/stress1/dex/dex_point-uniform_mt3_cache512.memory.log
dex,point-uniform,1024,3,222.89,74.30,/home/apa222/REV/fair/results/stress1/dex/dex_point-uniform_mt3_cache1024.memory.log
dex,point-zipf,32,3,150.80,50.27,/home/apa222/REV/fair/results/stress1/dex/dex_point-zipf_mt3_cache32.memory.log
dex,point-zipf,64,3,183.18,61.06,/home/apa222/REV/fair/results/stress1/dex/dex_point-zipf_mt3_cache64.memory.log
dex,point-zipf,128,3,219.15,73.05,/home/apa222/REV/fair/results/stress1/dex/dex_point-zipf_mt3_cache128.memory.log
dex,point-zipf,256,3,230.55,76.85,/home/apa222/REV/fair/results/stress1/dex/dex_point-zipf_mt3_cache256.memory.log
dex,point-zipf,512,3,224.10,74.70,/home/apa222/REV/fair/results/stress1/dex/dex_point-zipf_mt3_cache512.memory.log
dex,point-zipf,1024,3,208.63,69.54,/home/apa222/REV/fair/results/stress1/dex/dex_point-zipf_mt3_cache1024.memory.log
dex,range-uniform,32,3,146.92,48.97,/home/apa222/REV/fair/results/stress1/dex/dex_range-uniform_mt3_cache32.memory.log
dex,range-uniform,64,3,162.60,54.20,/home/apa222/REV/fair/results/stress1/dex/dex_range-uniform_mt3_cache64.memory.log
dex,range-uniform,128,3,179.01,59.67,/home/apa222/REV/fair/results/stress1/dex/dex_range-uniform_mt3_cache128.memory.log
dex,range-uniform,256,3,202.86,67.62,/home/apa222/REV/fair/results/stress1/dex/dex_range-uniform_mt3_cache256.memory.log
dex,range-uniform,512,3,231.10,77.03,/home/apa222/REV/fair/results/stress1/dex/dex_range-uniform_mt3_cache512.memory.log
dex,range-uniform,1024,3,254.82,84.94,/home/apa222/REV/fair/results/stress1/dex/dex_range-uniform_mt3_cache1024.memory.log
dex,range-zipf,32,3,128.60,42.87,/home/apa222/REV/fair/results/stress1/dex/dex_range-zipf_mt3_cache32.memory.log
dex,range-zipf,64,3,146.60,48.87,/home/apa222/REV/fair/results/stress1/dex/dex_range-zipf_mt3_cache64.memory.log
dex,range-zipf,128,3,164.34,54.78,/home/apa222/REV/fair/results/stress1/dex/dex_range-zipf_mt3_cache128.memory.log
dex,range-zipf,256,3,188.25,62.75,/home/apa222/REV/fair/results/stress1/dex/dex_range-zipf_mt3_cache256.memory.log
dex,range-zipf,512,3,215.36,71.79,/home/apa222/REV/fair/results/stress1/dex/dex_range-zipf_mt3_cache512.memory.log
dex,range-zipf,1024,3,239.11,79.70,/home/apa222/REV/fair/results/stress1/dex/dex_range-zipf_mt3_cache1024.memory.log
dex,point-uniform,32,4,183.98,46.00,/home/apa222/REV/fair/results/stress1/dex/dex_point-uniform_mt4_cache32.memory.log
dex,point-uniform,64,4,226.02,56.51,/home/apa222/REV/fair/results/stress1/dex/dex_point-uniform_mt4_cache64.memory.log
dex,point-uniform,128,4,284.81,71.20,/home/apa222/REV/fair/results/stress1/dex/dex_point-uniform_mt4_cache128.memory.log
dex,point-uniform,256,4,315.21,78.80,/home/apa222/REV/fair/results/stress1/dex/dex_point-uniform_mt4_cache256.memory.log
dex,point-uniform,512,4,305.78,76.45,/home/apa222/REV/fair/results/stress1/dex/dex_point-uniform_mt4_cache512.memory.log
dex,point-uniform,1024,4,285.48,71.37,/home/apa222/REV/fair/results/stress1/dex/dex_point-uniform_mt4_cache1024.memory.log
dex,point-zipf,32,4,153.53,38.38,/home/apa222/REV/fair/results/stress1/dex/dex_point-zipf_mt4_cache32.memory.log
dex,point-zipf,64,4,194.42,48.61,/home/apa222/REV/fair/results/stress1/dex/dex_point-zipf_mt4_cache64.memory.log
dex,point-zipf,128,4,247.47,61.87,/home/apa222/REV/fair/results/stress1/dex/dex_point-zipf_mt4_cache128.memory.log
dex,point-zipf,256,4,295.62,73.91,/home/apa222/REV/fair/results/stress1/dex/dex_point-zipf_mt4_cache256.memory.log
dex,point-zipf,512,4,282.84,70.71,/home/apa222/REV/fair/results/stress1/dex/dex_point-zipf_mt4_cache512.memory.log
dex,point-zipf,1024,4,228.59,57.15,/home/apa222/REV/fair/results/stress1/dex/dex_point-zipf_mt4_cache1024.memory.log
dex,range-uniform,32,4,145.67,36.42,/home/apa222/REV/fair/results/stress1/dex/dex_range-uniform_mt4_cache32.memory.log
dex,range-uniform,64,4,160.65,40.16,/home/apa222/REV/fair/results/stress1/dex/dex_range-uniform_mt4_cache64.memory.log
dex,range-uniform,128,4,178.00,44.50,/home/apa222/REV/fair/results/stress1/dex/dex_range-uniform_mt4_cache128.memory.log
dex,range-uniform,256,4,202.95,50.74,/home/apa222/REV/fair/results/stress1/dex/dex_range-uniform_mt4_cache256.memory.log
dex,range-uniform,512,4,239.61,59.90,/home/apa222/REV/fair/results/stress1/dex/dex_range-uniform_mt4_cache512.memory.log
dex,range-uniform,1024,4,288.87,72.22,/home/apa222/REV/fair/results/stress1/dex/dex_range-uniform_mt4_cache1024.memory.log
dex,range-zipf,32,4,127.01,31.75,/home/apa222/REV/fair/results/stress1/dex/dex_range-zipf_mt4_cache32.memory.log
dex,range-zipf,64,4,145.99,36.50,/home/apa222/REV/fair/results/stress1/dex/dex_range-zipf_mt4_cache64.memory.log
dex,range-zipf,128,4,164.86,41.22,/home/apa222/REV/fair/results/stress1/dex/dex_range-zipf_mt4_cache128.memory.log
dex,range-zipf,256,4,190.45,47.61,/home/apa222/REV/fair/results/stress1/dex/dex_range-zipf_mt4_cache256.memory.log
dex,range-zipf,512,4,222.91,55.73,/home/apa222/REV/fair/results/stress1/dex/dex_range-zipf_mt4_cache512.memory.log
dex,range-zipf,1024,4,256.42,64.10,/home/apa222/REV/fair/results/stress1/dex/dex_range-zipf_mt4_cache1024.memory.log
dex,point-uniform,32,5,189.02,37.80,/home/apa222/REV/fair/results/stress1/dex/dex_point-uniform_mt5_cache32.memory.log
dex,point-uniform,64,5,234.50,46.90,/home/apa222/REV/fair/results/stress1/dex/dex_point-uniform_mt5_cache64.memory.log
dex,point-uniform,128,5,306.88,61.38,/home/apa222/REV/fair/results/stress1/dex/dex_point-uniform_mt5_cache128.memory.log
dex,point-uniform,256,5,385.95,77.19,/home/apa222/REV/fair/results/stress1/dex/dex_point-uniform_mt5_cache256.memory.log
dex,point-uniform,512,5,374.07,74.81,/home/apa222/REV/fair/results/stress1/dex/dex_point-uniform_mt5_cache512.memory.log
dex,point-uniform,1024,5,332.98,66.60,/home/apa222/REV/fair/results/stress1/dex/dex_point-uniform_mt5_cache1024.memory.log
dex,point-zipf,32,5,156.69,31.34,/home/apa222/REV/fair/results/stress1/dex/dex_point-zipf_mt5_cache32.memory.log
dex,point-zipf,64,5,195.83,39.17,/home/apa222/REV/fair/results/stress1/dex/dex_point-zipf_mt5_cache64.memory.log
dex,point-zipf,128,5,262.04,52.41,/home/apa222/REV/fair/results/stress1/dex/dex_point-zipf_mt5_cache128.memory.log
dex,point-zipf,256,5,347.38,69.48,/home/apa222/REV/fair/results/stress1/dex/dex_point-zipf_mt5_cache256.memory.log
dex,point-zipf,512,5,323.40,64.68,/home/apa222/REV/fair/results/stress1/dex/dex_point-zipf_mt5_cache512.memory.log
dex,point-zipf,1024,5,224.78,44.96,/home/apa222/REV/fair/results/stress1/dex/dex_point-zipf_mt5_cache1024.memory.log
dex,range-uniform,32,5,173.97,34.79,/home/apa222/REV/fair/results/stress1/dex/dex_range-uniform_mt5_cache32.memory.log
dex,range-uniform,64,5,193.17,38.63,/home/apa222/REV/fair/results/stress1/dex/dex_range-uniform_mt5_cache64.memory.log
dex,range-uniform,128,5,213.83,42.77,/home/apa222/REV/fair/results/stress1/dex/dex_range-uniform_mt5_cache128.memory.log
dex,range-uniform,256,5,244.81,48.96,/home/apa222/REV/fair/results/stress1/dex/dex_range-uniform_mt5_cache256.memory.log
dex,range-uniform,512,5,287.67,57.53,/home/apa222/REV/fair/results/stress1/dex/dex_range-uniform_mt5_cache512.memory.log
dex,range-uniform,1024,5,334.13,66.83,/home/apa222/REV/fair/results/stress1/dex/dex_range-uniform_mt5_cache1024.memory.log
dex,range-zipf,32,5,152.64,30.53,/home/apa222/REV/fair/results/stress1/dex/dex_range-zipf_mt5_cache32.memory.log
dex,range-zipf,64,5,173.59,34.72,/home/apa222/REV/fair/results/stress1/dex/dex_range-zipf_mt5_cache64.memory.log
dex,range-zipf,128,5,197.09,39.42,/home/apa222/REV/fair/results/stress1/dex/dex_range-zipf_mt5_cache128.memory.log
dex,range-zipf,256,5,228.12,45.62,/home/apa222/REV/fair/results/stress1/dex/dex_range-zipf_mt5_cache256.memory.log
dex,range-zipf,512,5,266.15,53.23,/home/apa222/REV/fair/results/stress1/dex/dex_range-zipf_mt5_cache512.memory.log
dex,range-zipf,1024,5,303.88,60.78,/home/apa222/REV/fair/results/stress1/dex/dex_range-zipf_mt5_cache1024.memory.log
dex,point-uniform,32,6,198.77,33.13,/home/apa222/REV/fair/results/stress1/dex/dex_point-uniform_mt6_cache32.memory.log
dex,point-uniform,64,6,244.52,40.75,/home/apa222/REV/fair/results/stress1/dex/dex_point-uniform_mt6_cache64.memory.log
dex,point-uniform,128,6,323.18,53.86,/home/apa222/REV/fair/results/stress1/dex/dex_point-uniform_mt6_cache128.memory.log
dex,point-uniform,256,6,462.25,77.04,/home/apa222/REV/fair/results/stress1/dex/dex_point-uniform_mt6_cache256.memory.log
dex,point-uniform,512,6,435.78,72.63,/home/apa222/REV/fair/results/stress1/dex/dex_point-uniform_mt6_cache512.memory.log
dex,point-uniform,1024,6,359.66,59.94,/home/apa222/REV/fair/results/stress1/dex/dex_point-uniform_mt6_cache1024.memory.log
dex,point-zipf,32,6,165.78,27.63,/home/apa222/REV/fair/results/stress1/dex/dex_point-zipf_mt6_cache32.memory.log
dex,point-zipf,64,6,210.80,35.13,/home/apa222/REV/fair/results/stress1/dex/dex_point-zipf_mt6_cache64.memory.log
dex,point-zipf,128,6,278.11,46.35,/home/apa222/REV/fair/results/stress1/dex/dex_point-zipf_mt6_cache128.memory.log
dex,point-zipf,256,6,392.22,65.37,/home/apa222/REV/fair/results/stress1/dex/dex_point-zipf_mt6_cache256.memory.log
dex,point-zipf,512,6,342.53,57.09,/home/apa222/REV/fair/results/stress1/dex/dex_point-zipf_mt6_cache512.memory.log
dex,point-zipf,1024,6,249.78,41.63,/home/apa222/REV/fair/results/stress1/dex/dex_point-zipf_mt6_cache1024.memory.log
dex,range-uniform,32,6,186.42,31.07,/home/apa222/REV/fair/results/stress1/dex/dex_range-uniform_mt6_cache32.memory.log
dex,range-uniform,64,6,207.12,34.52,/home/apa222/REV/fair/results/stress1/dex/dex_range-uniform_mt6_cache64.memory.log
dex,range-uniform,128,6,231.27,38.54,/home/apa222/REV/fair/results/stress1/dex/dex_range-uniform_mt6_cache128.memory.log
dex,range-uniform,256,6,263.36,43.89,/home/apa222/REV/fair/results/stress1/dex/dex_range-uniform_mt6_cache256.memory.log
dex,range-uniform,512,6,308.70,51.45,/home/apa222/REV/fair/results/stress1/dex/dex_range-uniform_mt6_cache512.memory.log
dex,range-uniform,1024,6,382.32,63.72,/home/apa222/REV/fair/results/stress1/dex/dex_range-uniform_mt6_cache1024.memory.log
dex,range-zipf,32,6,162.62,27.10,/home/apa222/REV/fair/results/stress1/dex/dex_range-zipf_mt6_cache32.memory.log
dex,range-zipf,64,6,185.77,30.96,/home/apa222/REV/fair/results/stress1/dex/dex_range-zipf_mt6_cache64.memory.log
dex,range-zipf,128,6,211.51,35.25,/home/apa222/REV/fair/results/stress1/dex/dex_range-zipf_mt6_cache128.memory.log
dex,range-zipf,256,6,245.18,40.86,/home/apa222/REV/fair/results/stress1/dex/dex_range-zipf_mt6_cache256.memory.log
dex,range-zipf,512,6,287.51,47.92,/home/apa222/REV/fair/results/stress1/dex/dex_range-zipf_mt6_cache512.memory.log
dex,range-zipf,1024,6,332.19,55.37,/home/apa222/REV/fair/results/stress1/dex/dex_range-zipf_mt6_cache1024.memory.log
dex,point-uniform,32,7,200.26,28.61,/home/apa222/REV/fair/results/stress1/dex/dex_point-uniform_mt7_cache32.memory.log
dex,point-uniform,64,7,247.22,35.32,/home/apa222/REV/fair/results/stress1/dex/dex_point-uniform_mt7_cache64.memory.log
dex,point-uniform,128,7,328.36,46.91,/home/apa222/REV/fair/results/stress1/dex/dex_point-uniform_mt7_cache128.memory.log
dex,point-uniform,256,7,524.74,74.96,/home/apa222/REV/fair/results/stress1/dex/dex_point-uniform_mt7_cache256.memory.log
dex,point-uniform,512,7,472.51,67.50,/home/apa222/REV/fair/results/stress1/dex/dex_point-uniform_mt7_cache512.memory.log
dex,point-uniform,1024,7,379.50,54.21,/home/apa222/REV/fair/results/stress1/dex/dex_point-uniform_mt7_cache1024.memory.log
dex,point-zipf,32,7,167.20,23.89,/home/apa222/REV/fair/results/stress1/dex/dex_point-zipf_mt7_cache32.memory.log
dex,point-zipf,64,7,212.78,30.40,/home/apa222/REV/fair/results/stress1/dex/dex_point-zipf_mt7_cache64.memory.log
dex,point-zipf,128,7,285.64,40.81,/home/apa222/REV/fair/results/stress1/dex/dex_point-zipf_mt7_cache128.memory.log
dex,point-zipf,256,7,411.32,58.76,/home/apa222/REV/fair/results/stress1/dex/dex_point-zipf_mt7_cache256.memory.log
dex,point-zipf,512,7,353.07,50.44,/home/apa222/REV/fair/results/stress1/dex/dex_point-zipf_mt7_cache512.memory.log
dex,point-zipf,1024,7,257.14,36.73,/home/apa222/REV/fair/results/stress1/dex/dex_point-zipf_mt7_cache1024.memory.log
dex,range-uniform,32,7,201.16,28.74,/home/apa222/REV/fair/results/stress1/dex/dex_range-uniform_mt7_cache32.memory.log
dex,range-uniform,64,7,222.17,31.74,/home/apa222/REV/fair/results/stress1/dex/dex_range-uniform_mt7_cache64.memory.log
dex,range-uniform,128,7,246.57,35.22,/home/apa222/REV/fair/results/stress1/dex/dex_range-uniform_mt7_cache128.memory.log
dex,range-uniform,256,7,282.47,40.35,/home/apa222/REV/fair/results/stress1/dex/dex_range-uniform_mt7_cache256.memory.log
dex,range-uniform,512,7,334.91,47.84,/home/apa222/REV/fair/results/stress1/dex/dex_range-uniform_mt7_cache512.memory.log
dex,range-uniform,1024,7,411.07,58.72,/home/apa222/REV/fair/results/stress1/dex/dex_range-uniform_mt7_cache1024.memory.log
dex,range-zipf,32,7,174.93,24.99,/home/apa222/REV/fair/results/stress1/dex/dex_range-zipf_mt7_cache32.memory.log
dex,range-zipf,64,7,199.00,28.43,/home/apa222/REV/fair/results/stress1/dex/dex_range-zipf_mt7_cache64.memory.log
dex,range-zipf,128,7,227.93,32.56,/home/apa222/REV/fair/results/stress1/dex/dex_range-zipf_mt7_cache128.memory.log
dex,range-zipf,256,7,263.13,37.59,/home/apa222/REV/fair/results/stress1/dex/dex_range-zipf_mt7_cache256.memory.log
dex,range-zipf,512,7,307.91,43.99,/home/apa222/REV/fair/results/stress1/dex/dex_range-zipf_mt7_cache512.memory.log
dex,range-zipf,1024,7,358.43,51.20,/home/apa222/REV/fair/results/stress1/dex/dex_range-zipf_mt7_cache1024.memory.log
dex,point-uniform,32,8,206.12,25.77,/home/apa222/REV/fair/results/stress1/dex/dex_point-uniform_mt8_cache32.memory.log
dex,point-uniform,64,8,256.85,32.11,/home/apa222/REV/fair/results/stress1/dex/dex_point-uniform_mt8_cache64.memory.log
dex,point-uniform,128,8,343.66,42.96,/home/apa222/REV/fair/results/stress1/dex/dex_point-uniform_mt8_cache128.memory.log
dex,point-uniform,256,8,571.05,71.38,/home/apa222/REV/fair/results/stress1/dex/dex_point-uniform_mt8_cache256.memory.log
dex,point-uniform,512,8,495.41,61.93,/home/apa222/REV/fair/results/stress1/dex/dex_point-uniform_mt8_cache512.memory.log
dex,point-uniform,1024,8,393.17,49.15,/home/apa222/REV/fair/results/stress1/dex/dex_point-uniform_mt8_cache1024.memory.log
dex,point-zipf,32,8,179.42,22.43,/home/apa222/REV/fair/results/stress1/dex/dex_point-zipf_mt8_cache32.memory.log
dex,point-zipf,64,8,227.69,28.46,/home/apa222/REV/fair/results/stress1/dex/dex_point-zipf_mt8_cache64.memory.log
dex,point-zipf,128,8,307.79,38.47,/home/apa222/REV/fair/results/stress1/dex/dex_point-zipf_mt8_cache128.memory.log
dex,point-zipf,256,8,442.80,55.35,/home/apa222/REV/fair/results/stress1/dex/dex_point-zipf_mt8_cache256.memory.log
dex,point-zipf,512,8,335.72,41.97,/home/apa222/REV/fair/results/stress1/dex/dex_point-zipf_mt8_cache512.memory.log
dex,point-zipf,1024,8,282.55,35.32,/home/apa222/REV/fair/results/stress1/dex/dex_point-zipf_mt8_cache1024.memory.log
dex,range-uniform,32,8,194.56,24.32,/home/apa222/REV/fair/results/stress1/dex/dex_range-uniform_mt8_cache32.memory.log
dex,range-uniform,64,8,217.03,27.13,/home/apa222/REV/fair/results/stress1/dex/dex_range-uniform_mt8_cache64.memory.log
dex,range-uniform,128,8,240.40,30.05,/home/apa222/REV/fair/results/stress1/dex/dex_range-uniform_mt8_cache128.memory.log
dex,range-uniform,256,8,274.32,34.29,/home/apa222/REV/fair/results/stress1/dex/dex_range-uniform_mt8_cache256.memory.log
dex,range-uniform,512,8,328.85,41.11,/home/apa222/REV/fair/results/stress1/dex/dex_range-uniform_mt8_cache512.memory.log
dex,range-uniform,1024,8,403.90,50.49,/home/apa222/REV/fair/results/stress1/dex/dex_range-uniform_mt8_cache1024.memory.log
dex,range-zipf,32,8,172.48,21.56,/home/apa222/REV/fair/results/stress1/dex/dex_range-zipf_mt8_cache32.memory.log
dex,range-zipf,64,8,196.49,24.56,/home/apa222/REV/fair/results/stress1/dex/dex_range-zipf_mt8_cache64.memory.log
dex,range-zipf,128,8,223.77,27.97,/home/apa222/REV/fair/results/stress1/dex/dex_range-zipf_mt8_cache128.memory.log
dex,range-zipf,256,8,260.08,32.51,/home/apa222/REV/fair/results/stress1/dex/dex_range-zipf_mt8_cache256.memory.log
dex,range-zipf,512,8,305.70,38.21,/home/apa222/REV/fair/results/stress1/dex/dex_range-zipf_mt8_cache512.memory.log
dex,range-zipf,1024,8,353.36,44.17,/home/apa222/REV/fair/results/stress1/dex/dex_range-zipf_mt8_cache1024.memory.log
