run,system,workload,cache_mb,memthreads,seconds,rx_gbytes_per_s,tx_gbytes_per_s,total_gbit_per_s
l2b_c_stock,chime,range-uniform,8,0,728.67,1.2499,0.5038,14.03
l2b_c_stock,chime,range-zipf,8,0,466.3,1.3599,0.5196,15.037
l2b_c_stock,chime,range-uniform,32,0,627.67,1.3823,0.5481,15.444
l2b_c_stock,chime,range-zipf,32,0,344.12,1.5335,0.5598,16.746
l2b_c_stock,chime,range-uniform,128,0,278.53,1.6809,0.5906,18.172
l2b_c_stock,chime,range-zipf,128,0,140.33,2.0415,0.5982,21.117
l2b_c_stock,chime,range-uniform,512,0,50.52,3.3332,0.6289,31.697
l2b_c_stock,chime,range-zipf,512,0,50.05,3.368,0.6355,32.028
l2b_c_stock,chime,range-uniform,8,1,234.67,0.2354,0.0332,2.149
l2b_c_stock,chime,range-zipf,8,1,220.09,0.2479,0.0322,2.241
l2b_c_stock,chime,range-uniform,32,1,230.24,0.2388,0.0325,2.171
l2b_c_stock,chime,range-zipf,32,1,214.11,0.2533,0.0314,2.278
l2b_c_stock,chime,range-uniform,128,1,212.82,0.2532,0.0298,2.264
l2b_c_stock,chime,range-zipf,128,1,205.36,0.2613,0.0295,2.326
l2b_c_stock,chime,range-uniform,512,1,205.35,0.2604,0.0286,2.312
l2b_c_stock,chime,range-zipf,512,1,202.35,0.2642,0.029,2.345
l2b_c_stock,chime,range-uniform,8,2,127.3,0.4337,0.061,3.958
l2b_c_stock,chime,range-zipf,8,2,115.05,0.4733,0.0614,4.278
l2b_c_stock,chime,range-uniform,32,2,123.55,0.444,0.0605,4.036
l2b_c_stock,chime,range-zipf,32,2,111.97,0.4847,0.0601,4.359
l2b_c_stock,chime,range-uniform,128,2,111.9,0.4814,0.0566,4.304
l2b_c_stock,chime,range-zipf,128,2,106.24,0.5041,0.057,4.489
l2b_c_stock,chime,range-uniform,512,2,107.33,0.4976,0.0547,4.419
l2b_c_stock,chime,range-zipf,512,2,104.15,0.5121,0.0563,4.546
l2b_c_stock,chime,range-uniform,8,4,71.19,0.7736,0.1088,7.06
l2b_c_stock,chime,range-zipf,8,4,62.46,0.8733,0.1135,7.895
l2b_c_stock,chime,range-uniform,32,4,69.44,0.7912,0.1078,7.192
l2b_c_stock,chime,range-zipf,32,4,60.32,0.8979,0.1114,8.075
l2b_c_stock,chime,range-uniform,128,4,61.85,0.8698,0.1022,7.776
l2b_c_stock,chime,range-zipf,128,4,56.05,0.9502,0.1074,8.461
l2b_c_stock,chime,range-uniform,512,4,58.05,0.9146,0.1005,8.12
l2b_c_stock,chime,range-zipf,512,4,54.5,0.9798,0.1078,8.701
l2b_c_stock,chime,range-uniform,8,8,43.63,1.2561,0.1765,11.461
l2b_c_stock,chime,range-zipf,8,8,37.7,1.4375,0.1863,12.991
l2b_c_stock,chime,range-uniform,32,8,41.75,1.3094,0.1783,11.901
l2b_c_stock,chime,range-zipf,32,8,36.11,1.4868,0.1845,13.371
l2b_c_stock,chime,range-uniform,128,8,39.42,1.3653,0.1604,12.206
l2b_c_stock,chime,range-zipf,128,8,34.86,1.5334,0.1734,13.654
l2b_c_stock,chime,range-uniform,512,8,38.27,1.3872,0.1524,12.317
l2b_c_stock,chime,range-zipf,512,8,34.49,1.5475,0.17,13.74
l2b_c_stock,chime,range-uniform,8,16,36.76,1.4936,0.2101,13.629
l2b_c_stock,chime,range-zipf,8,16,31.09,1.7339,0.2246,15.668
l2b_c_stock,chime,range-uniform,32,16,28.69,1.8977,0.2585,17.25
l2b_c_stock,chime,range-zipf,32,16,26.44,2.0438,0.2536,18.379
l2b_c_stock,chime,range-uniform,128,16,25.94,2.0742,0.2437,18.543
l2b_c_stock,chime,range-zipf,128,16,24.54,2.1456,0.2425,19.105
l2b_c_stock,chime,range-uniform,512,16,24.91,2.1344,0.2346,18.952
l2b_c_stock,chime,range-zipf,512,16,24.62,2.1393,0.235,18.994
l2b_c_shipped,chime,range-uniform,128,0,636.14,0.995,0.3756,10.965
l2b_c_shipped,chime,range-zipf,128,0,269.26,1.3309,0.4339,14.118
l2b_c_shipped,chime,range-uniform,512,0,50.7,3.3339,0.629,31.704
l2b_c_shipped,chime,range-zipf,512,0,49.6,3.4025,0.642,32.356
l2b_d_pull,chime,mixed-uniform,32,0,368.41,1.2969,0.498,14.359
l2b_d_pull,chime,mixed-zipf,32,0,193.65,1.4636,0.5206,15.874
l2b_d_pull,chime,mixed-uniform,128,0,158.63,1.5785,0.5499,17.028
l2b_d_pull,chime,mixed-zipf,128,0,77.56,1.9462,0.5738,20.16
l2b_d_pull,chime,mixed-uniform,512,0,28.76,3.0688,0.6127,29.452
l2b_d_pull,chime,mixed-zipf,512,0,28.16,3.1202,0.6219,29.937
l2b_d_lookups,chime,mixed-uniform,32,16,441.45,0.5862,0.5448,9.048
l2b_d_lookups,chime,mixed-zipf,32,16,227.28,0.7867,0.5603,10.776
l2b_d_lookups,chime,mixed-uniform,128,16,174.62,1.0081,0.5787,12.695
l2b_d_lookups,chime,mixed-zipf,128,16,81.25,1.5174,0.6189,17.09
l2b_d_lookups,chime,mixed-uniform,512,16,29.9,2.9665,0.5922,28.47
l2b_d_lookups,chime,mixed-zipf,512,16,29.19,3.0246,0.609,29.069
l2b_d_scans,chime,mixed-uniform,32,16,58.26,1.1398,0.2269,10.934
l2b_d_scans,chime,mixed-zipf,32,16,30.83,1.5051,0.2726,14.222
l2b_d_scans,chime,mixed-uniform,128,16,24.41,1.6936,0.2965,15.921
l2b_d_scans,chime,mixed-zipf,128,16,17.83,1.8996,0.304,17.629
l2b_d_scans,chime,mixed-uniform,512,16,16.65,1.8045,0.2739,16.628
l2b_d_scans,chime,mixed-zipf,512,16,15.59,1.913,0.2877,17.605
l2b_d_both,chime,mixed-uniform,32,16,22.67,1.3177,0.2711,12.711
l2b_d_both,chime,mixed-zipf,32,16,18.09,1.6443,0.2921,15.491
l2b_d_both,chime,mixed-uniform,128,16,18.43,1.6498,0.2762,15.408
l2b_d_both,chime,mixed-zipf,128,16,16.3,1.8534,0.2899,17.146
l2b_d_both,chime,mixed-uniform,512,16,16.42,1.8534,0.2814,17.079
l2b_d_both,chime,mixed-zipf,512,16,15.69,1.9128,0.2877,17.604
l2b_d_2p_c32,chime,mixed-uniform,32,16,22.91,1.3467,0.2815,13.025
l2b_d_2p_c32,chime,mixed-zipf,32,16,18.23,1.5749,0.2661,14.728
l2b_d_2p_c128,chime,mixed-uniform,128,16,21.69,1.4264,0.2993,13.806
l2b_d_2p_c128,chime,mixed-zipf,128,16,17.06,1.6528,0.2687,15.372
l2b_d_2p_c512,chime,mixed-uniform,512,16,20.94,1.4554,0.2894,13.958
l2b_d_2p_c512,chime,mixed-zipf,512,16,16.6,1.6816,0.2694,15.608
l2b_e_f14_shipped,chime,point-uniform,128,0,30.46,0.75,0.2271,7.817
l2b_e_f14_shipped,chime,point-zipf,128,0,14.55,0.5962,0.25,6.769
l2b_e_f14_shipped,chime,point-uniform,512,0,11.44,0.6689,0.295,7.711
l2b_e_f14_shipped,chime,point-zipf,512,0,7.94,0.4762,0.3166,6.342
l2b_e_f14_stock,chime,point-uniform,32,0,65.51,0.6709,0.179,6.799
l2b_e_f14_stock,chime,point-zipf,32,0,33.94,0.7474,0.2175,7.719
l2b_e_f14_stock,chime,point-uniform,128,0,5.25,1.4363,0.6244,16.486
l2b_e_f14_stock,chime,point-zipf,128,0,5.09,1.3471,0.5812,15.427
l2b_e_f14_stock,chime,point-uniform,512,0,5.25,1.4388,0.6255,16.515
l2b_e_f14_stock,chime,point-zipf,512,0,5.16,1.3461,0.5811,15.418
l2b_e_f14_stock,chime,point-uniform,32,16,9.0,0.6024,0.5006,8.824
l2b_e_f14_stock,chime,point-zipf,32,16,7.05,0.8573,0.5034,10.885
l2b_e_f14_stock,chime,point-uniform,128,16,5.28,1.4354,0.624,16.475
l2b_e_f14_stock,chime,point-zipf,128,16,5.15,1.3474,0.5817,15.433
l2b_e_f14_stock,chime,point-uniform,512,16,5.21,1.434,0.6234,16.459
l2b_e_f14_stock,chime,point-zipf,512,16,5.08,1.3476,0.5816,15.434
l2b_e_f14_2p_c32,chime,point-uniform,32,16,10.75,0.6677,0.5128,9.444
l2b_e_f14_2p_c32,chime,point-zipf,32,16,5.83,0.5876,0.4421,8.238
l2b_e_f14_2p_c128,chime,point-uniform,128,16,11.01,0.7271,0.4939,9.768
l2b_e_f14_2p_c128,chime,point-zipf,128,16,4.75,0.6182,0.4205,8.31
l2b_e_f14_2p_c512,chime,point-uniform,512,16,9.69,0.6853,0.4789,9.314
l2b_e_f14_2p_c512,chime,point-zipf,512,16,3.61,0.4651,0.3318,6.375
l2b_e_f3_shipped,chime,point-uniform,128,0,112.72,0.5773,0.1403,5.74
l2b_e_f3_shipped,chime,point-zipf,128,0,44.0,0.588,0.1676,6.045
l2b_e_f3_shipped,chime,point-uniform,512,0,12.48,0.6213,0.2728,7.153
l2b_e_f3_shipped,chime,point-zipf,512,0,10.76,0.5037,0.2669,6.164
l2b_e_f3_stock,chime,point-uniform,32,0,165.57,0.5447,0.1279,5.381
l2b_e_f3_stock,chime,point-zipf,32,0,79.5,0.5884,0.148,5.891
l2b_e_f3_stock,chime,point-uniform,128,0,93.95,0.616,0.1518,6.143
l2b_e_f3_stock,chime,point-zipf,128,0,34.44,0.7232,0.2045,7.422
l2b_e_f3_stock,chime,point-uniform,512,0,6.32,1.2276,0.532,14.077
l2b_e_f3_stock,chime,point-zipf,512,0,8.26,1.0941,0.4292,12.187
l2b_e_f3_stock,chime,point-uniform,32,16,11.71,0.3829,0.371,6.031
l2b_e_f3_stock,chime,point-zipf,32,16,8.36,0.7237,0.4398,9.308
l2b_e_f3_stock,chime,point-uniform,128,16,9.36,0.5989,0.4348,8.269
l2b_e_f3_stock,chime,point-zipf,128,16,6.87,0.9752,0.493,11.746
l2b_e_f3_stock,chime,point-uniform,512,16,6.34,1.2131,0.5308,13.951
l2b_e_f3_stock,chime,point-zipf,512,16,6.17,1.1214,0.5084,13.038
l2b_e_f3_2p_c32,chime,point-uniform,32,16,15.22,0.4113,0.3411,6.019
l2b_e_f3_2p_c32,chime,point-zipf,32,16,7.06,0.4088,0.3305,5.914
l2b_e_f3_2p_c128,chime,point-uniform,128,16,12.89,0.4919,0.3943,7.089
l2b_e_f3_2p_c128,chime,point-zipf,128,16,5.13,0.4304,0.342,6.179
l2b_e_f3_2p_c512,chime,point-uniform,512,16,11.29,0.4644,0.3781,6.74
l2b_e_f3_2p_c512,chime,point-zipf,512,16,3.79,0.371,0.3034,5.395
l2b_f_c128_in16,chime,point-uniform,128,16,12.1,0.5183,0.4179,7.49
l2b_f_c128_in16,chime,point-zipf,128,16,5.01,0.418,0.338,6.049
l2b_f_c128_in64,chime,point-uniform,128,16,11.51,0.7751,0.4802,10.042
l2b_f_c128_in64,chime,point-zipf,128,16,5.11,0.7208,0.4263,9.177
l2b_f_c256_in16,chime,point-uniform,256,16,11.61,0.5097,0.4135,7.386
l2b_f_c256_in16,chime,point-zipf,256,16,4.43,0.4313,0.3448,6.208
l2b_f_c256_in64,chime,point-uniform,256,16,11.07,0.7615,0.4756,9.897
l2b_f_c256_in64,chime,point-zipf,256,16,4.38,0.6561,0.4028,8.471
l2b_f_c256_in128,chime,point-uniform,256,16,14.85,0.9295,0.4369,10.931
l2b_f_c256_in128,chime,point-zipf,256,16,5.64,0.832,0.3841,9.728
l2b_f_c512_in16,chime,point-uniform,512,16,10.58,0.491,0.4024,7.147
l2b_f_c512_in16,chime,point-zipf,512,16,3.79,0.3728,0.3064,5.433
l2b_f_c512_in64,chime,point-uniform,512,16,10.15,0.7293,0.4636,9.543
l2b_f_c512_in64,chime,point-zipf,512,16,3.63,0.5312,0.3417,6.983
l2b_f_c512_in128,chime,point-uniform,512,16,13.22,0.9137,0.4323,10.769
l2b_f_c512_in128,chime,point-zipf,512,16,4.04,0.7686,0.3637,9.058
