epoch,rx_bytes,tx_bytes
1791521737.418043811,291274733134556,143861419524008
1791521737.921569156,291274733134556,143861419524008
1791521738.424671951,291274733134844,143861419524296
1791521738.927261993,291274733134844,143861419524296
1791521739.430551938,291274733135132,143861419524584
1791521739.933131147,291274733135132,143861419524584
1791521740.435931407,291274733135132,143861419524584
1791521740.938523911,291274733135132,143861419524584
1791521741.441151565,291274733135132,143861419524584
1791521741.944061423,291274733135132,143861419524584
1791521742.447699860,291274733135132,143861419524584
1791521742.951011310,291274733135132,143861419524584
1791521743.453868811,291274733135132,143861419524584
1791521743.957495300,291274733135132,143861419524584
1791521744.460330230,291274733135132,143861419524584
1791521744.963275516,291274733135132,143861419524584
1791521745.466695034,291274733135132,143861419524584
1791521745.969671798,291274733135132,143861419524584
1791521746.472582464,291274733135132,143861419524584
1791521746.975482329,291274733135132,143861419524584
1791521747.478828872,291274733135132,143861419524584
1791521747.983055842,291274733135132,143861419524584
1791521748.485997260,291274733135420,143861419524872
1791521748.989073757,291274733135420,143861419524872
1791521749.491968231,291274733135420,143861419524872
1791521749.995006042,291274733135420,143861419524872
1791521750.497909392,291274733135420,143861419524872
1791521751.000909835,291274733135420,143861419524872
1791521751.503787238,291274733135420,143861419524872
1791521752.007471419,291274733135420,143861419524872
1791521752.511150592,291274733135420,143861419524872
1791521753.014765976,291274733135420,143861419524872
1791521753.518438801,291274733135420,143861419524872
1791521754.021502855,291274733135420,143861419524872
1791521754.524510511,291274733135420,143861419524872
1791521755.027452022,291274733135420,143861419524872
1791521755.530343208,291274733135420,143861419524872
1791521756.033969912,291274733135420,143861419524872
1791521756.537132222,291274733135420,143861419524872
1791521757.040231464,291274733135420,143861419524872
1791521757.544901682,291274733135420,143861419524872
1791521758.049279031,291274733135420,143861419524872
1791521758.553134950,291274733135708,143861419525160
1791521759.057082082,291274733135708,143861419525160
1791521759.561060437,291274733135708,143861419525160
1791521760.064967469,291274733135708,143861419525160
1791521760.568704488,291274733135708,143861419525160
1791521761.072513502,291274733135708,143861419525160
1791521761.576118828,291274733135708,143861419525160
1791521762.079879189,291274733135708,143861419525160
1791521762.583322258,291274733135708,143861419525160
1791521763.086384178,291274733135708,143861419525160
1791521763.589655635,291274733135708,143861419525160
1791521764.093123772,291274733135708,143861419525160
1791521764.596762259,291274733135708,143861419525160
1791521765.100186432,291274733135708,143861419525160
1791521765.603814129,291274733135708,143861419525160
1791521766.107259158,291274733135708,143861419525160
1791521766.610901576,291274733135708,143861419525160
1791521767.114208454,291274733135708,143861419525160
1791521767.617334436,291274733135708,143861419525160
1791521768.121244906,291274733135708,143861419525160
1791521768.625167732,291274733135996,143861419525448
1791521769.128427249,291274733135996,143861419525448
1791521769.631778412,291274733135996,143861419525448
1791521770.134727676,291274733135996,143861419525448
1791521770.637911088,291274733135996,143861419525448
1791521771.140963976,291274733135996,143861419525448
1791521771.644022756,291274733135996,143861419525448
1791521772.147027984,291274733135996,143861419525448
1791521772.650023460,291274733135996,143861419525448
1791521773.152928718,291274733135996,143861419525448
1791521773.656002322,291274733135996,143861419525448
1791521774.159179842,291274733135996,143861419525448
1791521774.661753686,291274733152700,143861419542152
1791521775.165352467,291274745963628,143861501706352
1791521775.668047774,291274759723360,143861589922668
1791521776.171009442,291274773462828,143861678016904
1791521776.674029465,291274787221692,143861766235688
1791521777.176767065,291274800999308,143861854572340
1791521777.679252525,291274814770396,143861942870188
1791521778.182604960,291274828502196,143862030915008
1791521778.685670772,291274842118668,143862118221680
1791521779.189144977,291274855901672,143862206590012
1791521779.692114895,291274869670448,143862294869984
1791521780.195164940,291274883451412,143862383230032
1791521780.697365406,291274897223452,143862471533112
1791521781.200993254,291274910997820,143862559849996
1791521781.704006278,291274924776388,143862648194496
1791521782.206921638,291274938555024,143862736540304
1791521782.710349586,291274952343724,143862824950204
1791521783.213084355,291274966120048,143862913280316
1791521783.715998787,291274979884948,143863001539360
1791521784.219021543,291274993663176,143863089879500
1791521784.722083520,291275007442084,143863178230104
1791521785.225120876,291275021221468,143863266577656
1791521785.727405378,291275034997928,143863354910384
1791521786.230252231,291275048773436,143863443234828
1791521786.733760689,291275062544252,143863531529624
1791521787.236812889,291275076320100,143863619857556
1791521787.739858372,291275090096764,143863708189848
1791521788.242926891,291275103877304,143863796547428
1791521788.746063236,291275117486704,143863883807884
1791521789.250095716,291275131279008,143863972239584
1791521789.754023500,291275145090420,143864060795108
1791521790.256972048,291275158229872,143864145015668
1791521790.759972736,291275176695544,143864257978804
1791521791.262935704,291275195161488,143864370945684
1791521791.765135742,291275213626344,143864483907572
1791521792.267957734,291275231781176,143864594969636
1791521792.770734656,291275393825216,143864701085220
1791521793.273542179,291275766425096,143864792622500
1791521793.777073977,291276089810856,143864872653060
1791521794.280294706,291276412161648,143864952611220
1791521794.783826647,291276733408708,143865032442180
1791521795.286814946,291277052646912,143865111885780
1791521795.790392042,291277370361760,143865190965540
1791521796.294132143,291277688255992,143865270120228
1791521796.797441447,291278005586572,143865349208628
1791521797.300420546,291278321596200,143865428028548
1791521797.803912422,291278637070336,143865506725828
1791521798.307402087,291278951954372,143865585306548
1791521798.811647787,291279263599388,143865663105876
1791521799.316130982,291279572605424,143865740271316
1791521799.819157373,291279883982220,143865818062804
1791521800.322956505,291279905297608,143865823373604
1791521800.825239683,291279905297608,143865823376724
1791521801.327337556,291279905297608,143865823379844
1791521801.830122165,291279905297608,143865823382964
1791521802.332193220,291279905297608,143865823386084
1791521802.835081359,291279905297608,143865823389204
1791521803.337561666,291279905297608,143865823392324
